row_label,elapsed_h,sampling_volume,circulation_mL_min,circulation_rpm,filtration_uL_min,Flow rate | cm,Flow rate | time,filtration_amount_L_m2,Filtration amount | Cumulative,pressure_in_kPa,pressure_out_kPa,back_pressure_kPa,tmp_kPa,temperature_C,cell_density_cho_1e5_mL,viability_cho_pct,cell_density_matsuda_1e5_mL,viability_matsuda_pct,glc_g_L,glu_mmol_L,gln_mmol_L,lln_g_L,feed_antibody_g_L,filtrate_antibody_g_L,transmission_pct,antibody_g_m2_1,antibody_g_m2_2,cumulative_transmission_pct,turbidity_feed_od600,turbidity_filtrate_od600,turbidity_plate_reader,ldh_activity_unit,LDH,LDH_2,LDH_3,LDH_4,LDH_5,source_file,experiment,shear_rate,lmh_level,condition,record_sheet,Date removed,Time,flow_pct_initial,Flow rate | %,cell_density_1e5_mL,viability_pct,LDH_6,filtration_flow_cumulative_pct,flow_ratio_pct,Turbidity OD600
Filtration start,0.0,"2.0, 0.0",8.05,920.0,,,,0.0,,1.5,-1.0,-0.4,0.7,9.4,146.0,94.8,,,3.14,0.48,0.32,0.5,0.4960907442,,,,,,1.225,,1.2252,497.992,574.005,535.9985,53.74930776,,0.31,01_Perfusion-shear_rate_500_LMH_1.xlsx,01_Perfusion-shear_rate_500_LMH_1,500.0,1.0,500 shear / LMH 1,01-record,,,,,,,,,,
,2.0,,8.05,950.0,,,,,,1.3,-1.3,-0.8,0.8,4.5,,,,,,,,,,,,,,,,,,,,,,,1.0,01_Perfusion-shear_rate_500_LMH_1.xlsx,01_Perfusion-shear_rate_500_LMH_1,500.0,1.0,500 shear / LMH 1,01-record,,,,,,,,,,
,17.5,"1.5, 1.5",8.05,960.0,5.110791640502591,2.3,0.5661111111111111,17.887770741759073,101.69380461303825,1.4,-1.3,-1.0,1.1,3.6,137.0,93.5,,,3.16,0.5,0.28,0.56,0.4944417638,0.4880146336,98.70012392347186,8.859209207681818,8.729493884460355,98.53581374837624,,0.006,0.0055,610.58,740.681,675.6305,91.99529934,,,01_Perfusion-shear_rate_500_LMH_1.xlsx,01_Perfusion-shear_rate_500_LMH_1,500.0,1.0,500 shear / LMH 1,01-record,,,,,,,,,,
,24.0,"1.5, 1.5",8.05,950.0,4.962855682355821,2.0,0.5069444444444444,24.43564150161704,101.2951909432291,1.3,-1.3,-1.0,1.1,3.5,153.0,94.5,,,3.08,0.5,0.28,0.58,0.4955504218,0.4870175536,98.27810292865742,3.2411704422890613,3.1921923742436205,98.52324144831825,,0.007,0.0067,,,,,,,01_Perfusion-shear_rate_500_LMH_1.xlsx,01_Perfusion-shear_rate_500_LMH_1,500.0,1.0,500 shear / LMH 1,01-record,,,,,,,,,,
,42.5,"1.5, 1.5",8.05,960.0,5.086035276448436,2.5,0.6183333333333334,43.02608977540492,100.72082472813264,1.4,-1.3,-1.0,1.1,3.3,150.0,94.3,,,2.98,0.48,0.28,0.6,0.4935892604,0.4864321252,98.5499815789752,9.194275048745041,9.048432950433412,98.47597674547828,,0.006,0.0061,,,,,,,01_Perfusion-shear_rate_500_LMH_1.xlsx,01_Perfusion-shear_rate_500_LMH_1,500.0,1.0,500 shear / LMH 1,01-record,,,,,,,,,,
,65.5,,,960.0,,,,,,1.4,-1.3,-1.0,1.1,3.5,,,,,,,,,,,,,,,,,,,,,,,,01_Perfusion-shear_rate_500_LMH_1.xlsx,01_Perfusion-shear_rate_500_LMH_1,500.0,1.0,500 shear / LMH 1,01-record,,,,,,,,,,
,66.0,"1.5, 1.5",8.05,940.0,5.0173310165794645,2.7,0.6769444444444445,66.76900056402049,100.64849012044306,1.4,-1.3,-1.0,1.1,4.5,162.0,93.7,,,2.92,0.5,0.26,0.64,0.5027857102000001,0.4966994003,98.78948232288084,11.82842101948263,11.671202051711015,98.54556243070911,,0.007,0.0067,,,,,,,01_Perfusion-shear_rate_500_LMH_1.xlsx,01_Perfusion-shear_rate_500_LMH_1,500.0,1.0,500 shear / LMH 1,01-record,,,,,,,,,,
,89.5,"1.5, 1.5",8.05,950.0,5.0883211349996476,2.3,0.5686111111111111,90.5172831202314,100.62011260656902,1.4,-1.3,-1.0,1.1,3.4,145.0,92.2,,,2.86,0.52,0.26,0.64,0.5029401422,0.4972196431000001,98.86258848319865,11.942130858440635,11.801935140331027,98.61988832914356,,0.006,0.0055,701.442,840.448,770.945,98.29208523,,,01_Perfusion-shear_rate_500_LMH_1.xlsx,01_Perfusion-shear_rate_500_LMH_1,500.0,1.0,500 shear / LMH 1,01-record,,,,,,,,,,
,97.5,,8.05,950.0,,,,,,1.3,-1.3,-1.0,1.1,3.5,,,,,,,,,,,,,,,,,,,,,,,,01_Perfusion-shear_rate_500_LMH_1.xlsx,01_Perfusion-shear_rate_500_LMH_1,500.0,1.0,500 shear / LMH 1,01-record,,,,,,,,,,
,113.5,"1.5, 1.5",8.05,960.0,4.958327529360972,2.4000000000000004,0.6088888888888888,114.62923991469688,100.4791321565715,1.4,-1.3,-1.1,1.1,3.4,149.0,91.6,,,2.72,0.5,0.28,0.64,0.5037697316,0.4976658068000001,98.78835022886079,12.136872490813703,11.994317491715579,98.66350107020345,,0.007,0.0072,844.038,889.891,866.9645,32.42296724,,,01_Perfusion-shear_rate_500_LMH_1.xlsx,01_Perfusion-shear_rate_500_LMH_1,500.0,1.0,500 shear / LMH 1,01-record,,,,,,,,,,
,121.5,,8.05,960.0,,,,,,1.4,-1.3,-1.0,1.1,3.6,,,,,,,,,,,,,,,,,,,,,,,,01_Perfusion-shear_rate_500_LMH_1.xlsx,01_Perfusion-shear_rate_500_LMH_1,500.0,1.0,500 shear / LMH 1,01-record,,,,,,,,,,
,138.0,"1.5, 1.5",8.05,960.0,5.213559686158831,2.9,0.6997222222222222,139.5503635927204,100.60700259877584,1.4,-1.3,-1.0,1.1,3.5,153.0,91.6,,,2.62,0.5,0.24,0.74,0.5042038303,0.4980386153,98.7772375714933,12.559916900143898,12.407036524954519,98.68497806431259,,0.006,0.006,913.502,1013.241,963.3715,70.52612325,,,01_Perfusion-shear_rate_500_LMH_1.xlsx,01_Perfusion-shear_rate_500_LMH_1,500.0,1.0,500 shear / LMH 1,01-record,,,,,,,,,,
,146.5,,8.05,960.0,,,,,,1.4,-1.3,-1.0,1.1,3.4,,,,,,,,,,,,,,,,,,,,,,,,01_Perfusion-shear_rate_500_LMH_1.xlsx,01_Perfusion-shear_rate_500_LMH_1,500.0,1.0,500 shear / LMH 1,01-record,,,,,,,,,,
,161.5,"1.5, 1.5",8.05,960.0,5.082413641421862,2.9,0.7177777777777777,163.74590091253503,100.87283682413867,1.4,-1.3,-1.0,1.1,3.3,160.0,89.9,,,2.7,0.52,0.24,0.76,0.511118314,0.5035562984,98.52049605876577,12.283132417022435,12.117063556882433,98.67944089890611,,0.01,0.0099,1056.513,1242.043,1149.278,131.1895211,,,01_Perfusion-shear_rate_500_LMH_1.xlsx,01_Perfusion-shear_rate_500_LMH_1,500.0,1.0,500 shear / LMH 1,01-record,,,,,,,,,,
,173.0,,8.05,960.0,,,,,,1.4,-1.3,-1.3,1.3,3.9,,,,,,,,,,,,,,,,,,,,,,,,01_Perfusion-shear_rate_500_LMH_1.xlsx,01_Perfusion-shear_rate_500_LMH_1,500.0,1.0,500 shear / LMH 1,01-record,,,,,,,,,,
,186.5,"1.5, 1.5",8.0,960.0,5.079540598097145,2.5999999999999996,0.6438888888888888,189.15078651133257,100.90336265508151,1.4,-1.3,-1.3,1.3,3.9,159.0,90.7,,,2.56,0.52,0.26,0.78,0.511586732,0.5039964436,98.5163242271107,12.990852347471485,12.798381072632385,98.65742882338085,,0.009,0.0091,1326.169,1403.109,1364.639,54.40479574,,,01_Perfusion-shear_rate_500_LMH_1.xlsx,01_Perfusion-shear_rate_500_LMH_1,500.0,1.0,500 shear / LMH 1,01-record,,,,,,,,,,
,196.5,,8.05,960.0,,,,,,1.4,-1.3,-1.4,1.4,4.7,,,,,,,,,,,,,,,,,,,,,,,,01_Perfusion-shear_rate_500_LMH_1.xlsx,01_Perfusion-shear_rate_500_LMH_1,500.0,1.0,500 shear / LMH 1,01-record,,,,,,,,,,
,210.5,"1.5, 1.5",8.1,1000.0,5.4343269721796235,2.4,0.5555555555555556,214.3840686799968,101.32502812403696,1.5,-1.3,-1.3,1.4,4.0,164.0,89.0,,,2.42,0.54,0.28,0.8,0.5139685956,0.5036353664,97.98952128817577,12.939063480453843,12.712928891925932,98.60888200212491,,0.014,0.014,,,,,,,01_Perfusion-shear_rate_500_LMH_1.xlsx,01_Perfusion-shear_rate_500_LMH_1,500.0,1.0,500 shear / LMH 1,01-record,,,,,,,,,,
,234.0,"1.5, 1.5",8.05,1000.0,5.2214523753388855,2.6,0.6263888888888889,239.4251501466653,101.79588800850729,1.5,-1.3,-2.2,2.4,4.1,162.0,87.0,,,2.4,0.56,0.26,0.82,0.504495562,0.4971863437,98.55118283478576,12.751721970671746,12.530828988112285,98.57284899588964,,0.01,0.0208,,,,,,,01_Perfusion-shear_rate_500_LMH_1.xlsx,01_Perfusion-shear_rate_500_LMH_1,500.0,1.0,500 shear / LMH 1,01-record,,,,,,,,,,
,257.0,,8.05,1000.0,,,,,,1.5,-1.2,-3.3,3.4,4.0,,,,,,,,,,,,,,,,,,,,,,,,01_Perfusion-shear_rate_500_LMH_1.xlsx,01_Perfusion-shear_rate_500_LMH_1,500.0,1.0,500 shear / LMH 1,01-record,,,,,,,,,,
,264.0,"1.5, 1.5",8.05,1010.0,4.91171996762439,2.0,0.5122222222222222,269.82466717555513,101.68433374418709,1.5,-1.2,-3.3,3.4,3.9,155.0,87.5,,,2.36,0.56,0.26,0.86,0.5045928059,0.494459895,97.99186377976064,15.337899511815356,15.072783359997608,98.53887899736775,,0.011,0.0113,1735.967,1842.509,1789.238,75.33657068,,,01_Perfusion-shear_rate_500_LMH_1.xlsx,01_Perfusion-shear_rate_500_LMH_1,500.0,1.0,500 shear / LMH 1,01-record,,,,,,,,,,
,281.0,"1.5, 1.5",8.05,1000.0,5.207596243427328,2.6000000000000005,0.6280555555555556,287.02750473434304,101.62335293335599,1.5,-1.2,-4.8,4.7,4.0,164.0,84.0,,,2.34,0.56,0.28,0.88,0.5135770892,0.498257784,97.0171361764087,8.757705656326712,8.538780486786978,98.47606791921893,,0.009,0.0089,1704.726,1809.039,1756.8825,73.76042967,,,01_Perfusion-shear_rate_500_LMH_1.xlsx,01_Perfusion-shear_rate_500_LMH_1,500.0,1.0,500 shear / LMH 1,01-record,,,,,,,,,,
,290.0,,8.0,1010.0,,,,,,1.5,-1.2,-5.9,6.1,3.8,,,,,,,,,,,,,,,,,,,,,,,,01_Perfusion-shear_rate_500_LMH_1.xlsx,01_Perfusion-shear_rate_500_LMH_1,500.0,1.0,500 shear / LMH 1,01-record,,,,,,,,,,
,306.0,"1.5, 1.5",8.0,1010.0,5.108689232701614,3.1,0.7633333333333333,312.8182184246654,101.70608472087252,1.5,-1.2,-6.5,6.7,3.9,154.0,85.5,,,2.26,0.6,0.26,0.98,0.5144811,0.496585376,96.52159739201304,13.257177207324236,12.828857553167788,98.33291892888383,,0.017,0.017,1785.339,2049.883,1917.611,187.0608563,,,01_Perfusion-shear_rate_500_LMH_1.xlsx,01_Perfusion-shear_rate_500_LMH_1,500.0,1.0,500 shear / LMH 1,01-record,,,,,,,,,,
,315.5,,8.1,1010.0,,,,,,1.5,-1.2,-7.0,7.2,4.1,,,,,,,,,,,,,,,,,,,,,,,,01_Perfusion-shear_rate_500_LMH_1.xlsx,01_Perfusion-shear_rate_500_LMH_1,500.0,1.0,500 shear / LMH 1,01-record,,,,,,,,,,
,330.5,,8.05,1010.0,,,,,,1.5,-1.2,-9.5,9.7,4.1,,,,,,,,,,,,,,,,,,,,,,,,01_Perfusion-shear_rate_500_LMH_1.xlsx,01_Perfusion-shear_rate_500_LMH_1,500.0,1.0,500 shear / LMH 1,01-record,,,,,,,,,,
,337.0,"1.5, 1.5",8.05,1010.0,4.9383019739112095,2.6999999999999997,0.6877777777777778,343.9638911651652,101.54517133467542,1.5,-1.2,-10.3,10.5,4.1,157.0,86.0,,,2.12,0.58,0.26,0.96,0.5070926405999999,0.4893660576,96.50427129468385,15.908800702507905,15.354060344466099,98.1665125263183,,0.023,0.0231,2076.906,2199.72,2138.313,86.84261222,,,01_Perfusion-shear_rate_500_LMH_1.xlsx,01_Perfusion-shear_rate_500_LMH_1,500.0,1.0,500 shear / LMH 1,01-record,,,,,,,,,,
,378.0,"1.5, 1.5",8.05,1020.0,4.913496358209425,3.0,0.7680555555555556,384.3562643268598,101.16225184972689,1.6,-1.2,-18.8,18.8,4.1,160.0,80.1,,,2.06,0.64,0.28,1.02,0.5064088358,0.4822199613,95.22344935751613,20.4688649173386,19.622332517047028,97.92417730207987,,0.041,0.0413,,,,,,,01_Perfusion-shear_rate_500_LMH_1.xlsx,01_Perfusion-shear_rate_500_LMH_1,500.0,1.0,500 shear / LMH 1,01-record,,,,,,,,,,
,403.0,"1.5, 1.5",8.05,1040.0,4.780372072642174,3.0,0.7894444444444444,408.5909354039888,100.86953195366897,1.6,-1.2,-41.7,41.9,4.1,163.0,78.3,,,2.06,0.62,0.26,0.96,0.5068170058,0.4538158912,89.54235670992553,12.277597499011607,11.342260500868772,97.59502333087521,,0.071,0.0707,2403.907,2494.615,2449.261,64.14024191,,,01_Perfusion-shear_rate_500_LMH_1.xlsx,01_Perfusion-shear_rate_500_LMH_1,500.0,1.0,500 shear / LMH 1,01-record,,,,,,,,,,
,425.0,,8.05,1050.0,4.211804837583614,2.3000000000000003,0.6869444444444445,428.37372460648555,100.27905175545584,1.6,-1.1,-74.3,74.6,4.1,163.0,75.7,,,2.1,0.64,0.32,1.06,0.5037742184999999,0.4111530024,81.61453827951303,9.996156580110009,8.555748644402824,97.04134025005227,,0.119,0.1191,2430.581,2642.834,2536.7075,150.0855356,,,01_Perfusion-shear_rate_500_LMH_1.xlsx,01_Perfusion-shear_rate_500_LMH_1,500.0,1.0,500 shear / LMH 1,01-record,,,,,,,,,,
Filtration start,0.0,"2mL, 0mL",32.0,1710.0,,,,0.0,,2.5,-0.8,-0.5,1.5,,166.0,93.8,,,2.42,0.56,0.28,0.38,0.4654274526,,,,,,1.271,,1.2708,674.699,645.333,660.016,20.764897736324144,,0.31,02_Perfusion-shear_rate_2000_LMH_1.xlsx,02_Perfusion-shear_rate_2000_LMH_1,2000.0,1.0,2000 shear / LMH 1,02_record,,,,,,,,,,
,3.0,,32.0,1910.0,,,,,,2.5,-1.0,-0.4,1.1,,,,,,,,,,,,,,,,,,,,,,,,1.0,02_Perfusion-shear_rate_2000_LMH_1.xlsx,02_Perfusion-shear_rate_2000_LMH_1,2000.0,1.0,2000 shear / LMH 1,02_record,,,,,,,,,,
,18.5,"1.5mL, 1.5mL",32.0,1910.0,,1.0999999999999996,0.4475,,,2.5,-1.0,-0.6,1.3,,165.0,92.3,,,2.42,0.58,0.28,0.44,0.4585831977,0.4472327874,97.52489616782137,,,,,0.002,0.002,788.996,733.63,761.313,39.14967404717438,,,02_Perfusion-shear_rate_2000_LMH_1.xlsx,02_Perfusion-shear_rate_2000_LMH_1,2000.0,1.0,2000 shear / LMH 1,02_record,,,,,,,,,,
,25.0,"1.5mL, 1.5mL",32.0,1900.0,4.568196849512138,1.5,0.41305555555555556,22.840984247560694,91.89385823942347,2.5,-1.0,-0.6,1.3,,154.0,92.2,,,2.34,0.56,0.26,0.44,0.4565110817,0.4465981438,97.82854386292547,10.510825044675736,10.207989109760854,97.11881861197678,,0.002,0.0023,,,,,,,02_Perfusion-shear_rate_2000_LMH_1.xlsx,02_Perfusion-shear_rate_2000_LMH_1,2000.0,1.0,2000 shear / LMH 1,02_record,,,,,,,,,,
,42.0,"1.5mL, 1.5mL",32.0,1910.0,4.659059475462641,1.5,0.405,38.527320000017816,92.26376868517455,2.5,-1.0,-0.6,1.3,,153.0,92.3,,,2.3,0.56,0.26,0.48,0.4610444162,0.4515591426,97.94265513978479,7.196541805786183,7.0443983764930955,97.43056453254596,,0.003,0.003,899.133,805.831,852.482,65.97447689826727,,,02_Perfusion-shear_rate_2000_LMH_1.xlsx,02_Perfusion-shear_rate_2000_LMH_1,2000.0,1.0,2000 shear / LMH 1,02_record,,,,,,,,,,
,48.0,"1.5mL, 1.2mL",32.0,1910.0,4.845784427202972,2.1999999999999997,0.5711111111111111,44.23022634161718,92.68076395048361,2.5,-1.0,-0.7,1.4,,161.0,92.0,,,2.28,0.56,0.24,0.48,0.4551656001,0.4480374746,98.43394898506523,2.612529956097064,2.565157626555609,97.5277842277857,,0.001,0.0012,,,,,,,02_Perfusion-shear_rate_2000_LMH_1.xlsx,02_Perfusion-shear_rate_2000_LMH_1,2000.0,1.0,2000 shear / LMH 1,02_record,,,,,,,,,,
,67.0,"1.5mL, 1.5mL",32.0,1910.0,4.689384714652046,2.0999999999999996,0.5633333333333334,62.34704771114172,93.59502641022192,2.5,-1.0,-0.6,1.3,,167.0,90.3,,,2.38,0.62,0.26,0.54,0.4853968844,0.456663986,94.0805350583334,8.520001259281345,8.19515737721907,97.13176664521058,,0.006,0.0057,,,,,,,02_Perfusion-shear_rate_2000_LMH_1.xlsx,02_Perfusion-shear_rate_2000_LMH_1,2000.0,1.0,2000 shear / LMH 1,02_record,,,,,,,,,,
,91.0,"1.5mL, 1.5mL",32.0,1910.0,4.773507499241197,2.3000000000000003,0.606111111111111,85.05798902448551,94.01245610620386,2.5,-1.0,-1.0,1.7,,161.0,89.1,,,2.3,0.62,0.26,0.58,0.4671538196,0.4565246352,97.72469281978658,10.816661568264156,10.369686592043266,96.78698665797322,,0.005,0.0054,,,,,,,02_Perfusion-shear_rate_2000_LMH_1.xlsx,02_Perfusion-shear_rate_2000_LMH_1,2000.0,1.0,2000 shear / LMH 1,02_record,,,,,,,,,,
,114.5,"1.5mL, 1.5mL",32.0,1910.0,4.762179369711743,2.0999999999999996,0.5547222222222222,107.46685316652491,94.40189796079511,2.5,-1.0,-1.2,2.0,,160.0,89.2,,,2.24,0.64,0.26,0.62,0.4732678954,0.4577107816,96.71283136861601,10.53689122382935,10.243488624455985,96.87693688197935,,0.01,0.0096,1128.039,1062.354,1095.1965,46.44630892223834,,,02_Perfusion-shear_rate_2000_LMH_1.xlsx,02_Perfusion-shear_rate_2000_LMH_1,2000.0,1.0,2000 shear / LMH 1,02_record,,,,,,,,,,
,140.0,"1.5mL, 1.5mL",32.0,1930.0,5.093297488187908,2.3,0.5680555555555555,132.59831915416902,95.26243180016837,2.5,-1.0,-2.2,2.9,,162.0,86.8,,,2.12,0.64,0.24,0.66,0.468043905,0.4570632522,97.6539267614221,11.82827274776032,11.49480625841235,96.93488098969989,,0.006,0.0061,1309.569,1189.953,1249.761,84.58128473841006,,,02_Perfusion-shear_rate_2000_LMH_1.xlsx,02_Perfusion-shear_rate_2000_LMH_1,2000.0,1.0,2000 shear / LMH 1,02_record,,,,,,,,,,
,162.0,"1.5mL, 1.5mL",32.0,1920.0,4.992163885204382,2.0999999999999996,0.5291666666666667,154.78633417563205,96.10130404817912,2.5,-1.0,-4.6,5.4,,156.0,84.2,,,2.1,0.66,0.24,0.68,0.4676006458,0.4555375274,97.42020920878718,10.380047673950214,10.124399903181835,97.02122286042932,,0.006,0.0059,1496.075,1391.431,1443.7530000000002,73.99448201048507,,,02_Perfusion-shear_rate_2000_LMH_1.xlsx,02_Perfusion-shear_rate_2000_LMH_1,2000.0,1.0,2000 shear / LMH 1,02_record,,,,,,,,,,
,187.0,"1.5mL, 1.5mL",32.0,1940.0,4.670958841509995,2.1,0.5655555555555556,178.944140992418,96.24707882788142,2.5,-1.0,-9.4,10.2,,161.0,80.7,,,2.04,0.66,0.26,0.72,0.4674215824,0.451326565,96.55663794612151,11.294043179128174,10.953923776639561,97.01680803256798,,0.004,0.0036,1652.005,1479.843,1565.924,121.73691766263842,,,02_Perfusion-shear_rate_2000_LMH_1.xlsx,02_Perfusion-shear_rate_2000_LMH_1,2000.0,1.0,2000 shear / LMH 1,02_record,,,,,,,,,,
,210.0,"1.5mL, 1.5mL",32.0,1920.0,4.708767343284023,2.3,0.6144444444444445,200.51751121744425,96.03835030458706,2.5,-1.0,-13.4,14.2,,160.0,79.5,,,1.82,0.62,0.24,0.7,0.4683965624,0.4496522152,95.9981885639902,10.094375650533813,9.718574395073576,96.93719773238192,,0.006,0.006,1889.061,1744.471,1816.766,102.24056949176284,,,02_Perfusion-shear_rate_2000_LMH_1.xlsx,02_Perfusion-shear_rate_2000_LMH_1,2000.0,1.0,2000 shear / LMH 1,02_record,,,,,,,,,,
,235.5,"1.5mL, 1.5mL",32.0,1940.0,4.476060749181036,2.3000000000000003,0.6463888888888889,223.93882285323016,95.642332718776,2.5,-1.0,-20.7,21.4,,165.0,78.2,,,1.94,0.7,0.24,0.76,0.4666166294,0.4450110726,95.36974135967216,10.949617674359333,10.47709383633031,96.80624589801678,,0.008,0.0075,,,,,,,02_Perfusion-shear_rate_2000_LMH_1.xlsx,02_Perfusion-shear_rate_2000_LMH_1,2000.0,1.0,2000 shear / LMH 1,02_record,,,,,,,,,,
,259.5,"1.5mL, 1.5mL",32.0,1930.0,4.365474905775954,1.9,0.5475,245.15850842512694,95.02137021956752,2.5,-1.0,-29.5,30.3,,164.0,75.4,,,1.9,0.72,0.26,0.78,0.467986833,0.4387179334,93.74578566401675,9.915995803267025,9.376225819042439,96.61168316806643,,0.011,0.0112,,,,,,,02_Perfusion-shear_rate_2000_LMH_1.xlsx,02_Perfusion-shear_rate_2000_LMH_1,2000.0,1.0,2000 shear / LMH 1,02_record,,,,,,,,,,
,287.0,"1.5mL, 1.5mL",32.0,1930.0,4.277533208765614,2.3000000000000003,0.6763888888888888,268.92678074011627,94.24619746465348,2.5,-0.9,-52.6,53.3,,162.0,77.3,,,1.8,0.7,0.24,0.8,0.4668396858,0.4149643292,88.88797200025877,11.109605633055947,10.145276243976516,96.14422494159591,,0.005,0.0054,2486.417,2311.399,2398.908,123.7564146297072,,,02_Perfusion-shear_rate_2000_LMH_1.xlsx,02_Perfusion-shear_rate_2000_LMH_1,2000.0,1.0,2000 shear / LMH 1,02_record,,,,,,,,,,
,307.0,"1.5mL, 1.5mL",32.0,1930.0,,1.3999999999999995,0.7024999999999999,,,2.5,-1.0,-68.4,69.3,,161.0,74.2,,,1.78,0.72,0.26,0.82,0.467129564,0.3919055766,83.89654751117402,,,,,0.021,0.0209,2646.34,2390.088,2518.214,181.19752689261514,,,02_Perfusion-shear_rate_2000_LMH_1.xlsx,02_Perfusion-shear_rate_2000_LMH_1,2000.0,1.0,2000 shear / LMH 1,02_record,,,,,,,,,,
,315.0,,32.0,1940.0,,,,,,2.5,-1.0,-74.8,75.6,,,,,,,,,,,,,,,,,,,,,,,,,02_Perfusion-shear_rate_2000_LMH_1.xlsx,02_Perfusion-shear_rate_2000_LMH_1,2000.0,1.0,2000 shear / LMH 1,02_record,,,,,,,,,,
,330.5,"1.5mL, 1.5mL",32.0,1940.0,3.9271342032334116,1.9,0.6086111111111111,304.617083982312,92.70314607955156,2.5,-1.0,-80.2,81.0,,158.0,73.3,,,1.74,0.7,0.28,0.84,0.4615645359,0.37021651,80.20904580073912,16.6023413321208,14.003523707390432,94.76844378263291,,0.016,0.0155,2660.596,2621.029,2640.8125,27.97809401120813,,,02_Perfusion-shear_rate_2000_LMH_1.xlsx,02_Perfusion-shear_rate_2000_LMH_1,2000.0,1.0,2000 shear / LMH 1,02_record,,,,,,,,,,
,340.0,,32.0,1940.0,,,,,,2.5,-1.0,-83.3,84.0,,,,,,,,,,,,,,,,,,,,,,,,,02_Perfusion-shear_rate_2000_LMH_1.xlsx,02_Perfusion-shear_rate_2000_LMH_1,2000.0,1.0,2000 shear / LMH 1,02_record,,,,,,,,,,
,354.0,"1.5mL, 1.5mL",32.0,1940.0,3.091198505221633,1.4,0.5697222222222222,321.11016584718135,91.23520943860481,2.5,-1.0,-88.3,89.1,,164.0,70.4,,,1.7,0.74,0.28,0.86,0.4616523453,0.3615336006,78.31295655284956,7.6133458003304755,6.034407239376496,93.98124984679667,,0.03,0.0303,3006.189,2670.586,2838.3875,237.30715708654895,,,02_Perfusion-shear_rate_2000_LMH_1.xlsx,02_Perfusion-shear_rate_2000_LMH_1,2000.0,1.0,2000 shear / LMH 1,02_record,,,,,,,,,,
,363.5,,32.0,1940.0,,,,,,2.5,-1.0,-86.8,87.6,,,,,,,,,,,,,,,,,,,,,,,,,02_Perfusion-shear_rate_2000_LMH_1.xlsx,02_Perfusion-shear_rate_2000_LMH_1,2000.0,1.0,2000 shear / LMH 1,02_record,,,,,,,,,,
,378.0,"1.5mL, 1.5mL",32.0,1940.0,2.77601500417839,1.5,0.6797222222222222,335.1914782697414,89.1893193260345,2.5,-1.0,-86.8,87.6,,168.0,66.4,,,1.66,0.74,0.28,0.9,0.4618574662,0.3730048069,80.7618874214488,6.502115090515532,5.171632401188622,93.38109816362558,,0.0018,0.0181,2980.372,2952.384,2966.3779999999997,19.790504591848972,,,02_Perfusion-shear_rate_2000_LMH_1.xlsx,02_Perfusion-shear_rate_2000_LMH_1,2000.0,1.0,2000 shear / LMH 1,02_record,,,,,,,,,,
Filtration start,0.0,"2mL, 0mL",65.0,2630.0,,,,0.0,,4.2,-0.5,-0.2,2.1,8.9,,,,,2.18,0.54,0.28,0.46,0.4610021575,,,,,,1.288,,1.2879,595.79,549.445,572.6175000000001,32.770863774090486,,0.31,03_Perfusion-shear_rate_4000_LMH_1.xlsx,03_Perfusion-shear_rate_4000_LMH_1,4000.0,1.0,4000 shear / LMH 1,03_record,,15.5,,,164.0,93.7,,,,
,2.5,,64.5,2730.0,,,,,,4.3,-0.5,0.8,1.1,4.0,,,,,,,,,,,,,,,,,,,,,,,1.0,03_Perfusion-shear_rate_4000_LMH_1.xlsx,03_Perfusion-shear_rate_4000_LMH_1,4000.0,1.0,4000 shear / LMH 1,03_record,,18.0,,,,,,,,
,18.0,"1.5, 1.5",64.5,2740.0,5.324923988417591,2.2,0.5197222222222223,19.16972635830333,,4.2,-0.5,0.3,1.6,3.5,,,,,2.26,0.54,0.28,0.5,0.459462019,0.4463856574,97.15398421213138,8.82252319306301,8.55709090262934,96.99142428276785,,0.003,0.0032,690.84,633.443,662.1415,40.5858079197643,,,03_Perfusion-shear_rate_4000_LMH_1.xlsx,03_Perfusion-shear_rate_4000_LMH_1,4000.0,1.0,4000 shear / LMH 1,03_record,,9.333333333333334,103.57423389796594,103.57423389796591,163.0,91.6,,,,
,24.0,"1.5, 1.5",64.5,2750.0,5.11844574882365,2.1,0.5161111111111111,25.435748200648074,,4.3,-0.6,0.2,1.7,3.4,,,,,2.2,0.54,0.28,0.52,0.4593451017,0.4537151547,98.77435353524747,2.878632743604042,2.820025674465422,97.23070642485098,,0.002,0.0022,,,,,,,03_Perfusion-shear_rate_4000_LMH_1.xlsx,03_Perfusion-shear_rate_4000_LMH_1,4000.0,1.0,4000 shear / LMH 1,03_record,,15.5,103.07221204917849,99.55805910766654,162.0,93.0,,,,
,41.5,"1.5, 1.5",64.5,2750.0,4.894639738413664,2.3,0.5911111111111111,42.958647803313376,,4.3,-0.5,0.3,1.6,3.5,,,,,2.18,0.56,0.28,0.56,0.4603743874,0.4490667158,97.54380957988108,8.058076135056963,7.909678039938944,97.60902927312455,,0.004,0.0037,765.431,730.629,748.03,24.608730198854243,,,03_Perfusion-shear_rate_4000_LMH_1.xlsx,03_Perfusion-shear_rate_4000_LMH_1,4000.0,1.0,4000 shear / LMH 1,03_record,,9.0,100.6724939059432,95.20484465420294,161.0,91.2,,,,
,48.0,"1.5, 1.5",64.5,2760.0,5.110194627251124,2.0999999999999996,0.5169444444444445,49.46179014099549,,4.3,-0.5,0.0,1.9,3.4,,,,,2.16,0.56,0.26,0.56,0.4597484549,0.4530102054,98.53436168666066,2.9918449058147663,2.933167309050826,97.6655388578809,,0.003,0.0033,,,,,,,03_Perfusion-shear_rate_4000_LMH_1.xlsx,03_Perfusion-shear_rate_4000_LMH_1,4000.0,1.0,4000 shear / LMH 1,03_record,,15.5,100.21596537142081,99.39756787858379,156.0,92.2,,,,
,66.5,"1.5, 1.5",64.5,2760.0,4.850691741805578,2.5,0.6483333333333333,67.88942992375038,,4.3,-0.5,0.0,1.9,3.4,,,,,2.12,0.56,0.26,0.58,0.4634957807,0.4527387,97.67914161294973,8.506606102570847,8.34540728116787,97.78514014911819,,0.004,0.0041,,,,,,,03_Perfusion-shear_rate_4000_LMH_1.xlsx,03_Perfusion-shear_rate_4000_LMH_1,4000.0,1.0,4000 shear / LMH 1,03_record,,10.0,99.28618825790988,94.35001929144963,172.0,90.2,,,,
,90.5,"1.5, 1.5",64.5,2760.0,4.792175460475859,2.3999999999999995,0.63,91.03231120922584,,4.3,-0.5,0.0,1.9,3.4,,,,,2.06,0.58,0.28,0.62,0.45979049,0.4390910745,95.49807663486037,10.683752277659726,10.319755299052922,97.48146232370571,,0.005,0.0045,,,,,,,03_Perfusion-shear_rate_4000_LMH_1.xlsx,03_Perfusion-shear_rate_4000_LMH_1,4000.0,1.0,4000 shear / LMH 1,03_record,,10.166666666666666,97.82622865899278,93.21182858253688,161.0,89.3,,,,
,113.5,"1.5, 1.5",64.5,2760.0,4.760120775121504,2.1999999999999997,0.5813888888888888,113.00259255109978,,4.3,-0.5,0.0,1.8,3.4,,,,,2.02,0.58,0.26,0.66,0.50194413,0.5210157402000001,103.79954840790748,10.564790088810113,10.546908418604717,97.95416160172792,,0.005,0.0047,998.989,925.042,962.0155,52.28842514840163,,,03_Perfusion-shear_rate_4000_LMH_1.xlsx,03_Perfusion-shear_rate_4000_LMH_1,4000.0,1.0,4000 shear / LMH 1,03_record,,9.0,96.82797894605287,92.58833809034599,168.0,89.1,,,,
,137.5,"1.5, 1.5",64.5,2770.0,4.898197041459836,2.1999999999999993,0.5650000000000001,136.182555310895,,4.3,-0.5,-0.8,2.7,3.4,,,,,1.94,0.6,0.28,0.7,0.4676781312,0.4572615168,97.77269585531563,11.237903952842215,11.338215193007308,98.47220239623638,,0.004,0.004,1080.217,968.922,1024.5695,78.69744921215685,,,03_Perfusion-shear_rate_4000_LMH_1.xlsx,03_Perfusion-shear_rate_4000_LMH_1,4000.0,1.0,4000 shear / LMH 1,03_record,,9.0,96.32235718992798,95.27403717949564,163.0,86.6,,,,
,162.5,"1.5, 1.5",64.5,2780.0,5.22029488201693,2.3999999999999995,0.5783333333333334,161.47878511958692,,4.3,-0.5,-0.8,2.7,3.4,,,,,1.86,0.62,0.26,0.72,0.4691420928,0.442657152,94.35460147224717,11.849009837867122,11.382274727548456,98.09424981372862,,0.005,0.005,1410.738,1317.33,1364.034,66.04943021707312,,,03_Perfusion-shear_rate_4000_LMH_1.xlsx,03_Perfusion-shear_rate_4000_LMH_1,4000.0,1.0,4000 shear / LMH 1,03_record,,10.0,96.64300587440458,101.53911009855602,166.0,86.3,,,,
,186.5,"1.5, 1.5",64.5,2770.0,5.323298181536155,2.8,0.6616666666666667,186.78340847211433,,4.3,-0.5,-4.3,6.1,3.4,,,,,1.68,0.62,0.24,0.76,0.4664374272,0.4641242112,99.5040672413691,11.837243684969195,11.472880429433681,97.93552357083523,,0.01,0.011,1623.999,1502.32,1563.1595,86.04004602799797,,,03_Perfusion-shear_rate_4000_LMH_1.xlsx,03_Perfusion-shear_rate_4000_LMH_1,4000.0,1.0,4000 shear / LMH 1,03_record,,10.0,97.40197910388007,103.54261059168455,163.0,83.9,,,,
,193.0,,64.5,2780.0,,,,,,4.3,-0.5,-4.75,6.800000000000001,3.3,,,,,,,,,,,,,,,,,,,,,,,,03_Perfusion-shear_rate_4000_LMH_1.xlsx,03_Perfusion-shear_rate_4000_LMH_1,4000.0,1.0,4000 shear / LMH 1,03_record,,16.5,,,,,,,,
,209.5,"1.5, 1.5",64.5,2780.0,4.867193160441252,2.3,0.5944444444444444,210.22153855866236,,4.3,-0.5,-7.5,9.5,3.4,,,,,1.74,0.62,0.22,0.76,0.4684144896,0.4518883584,96.47190008701217,10.955590418808587,10.734810883598966,97.94100813990465,,0.006,0.0064,1809.769,1595.756,1702.7625,151.33004356207655,,,03_Perfusion-shear_rate_4000_LMH_1.xlsx,03_Perfusion-shear_rate_4000_LMH_1,4000.0,1.0,4000 shear / LMH 1,03_record,,9.0,97.58914300891884,94.67098571221678,165.0,80.8,,,,
,217.0,,64.5,2780.0,,,,,,4.3,-0.5,-8.9,10.7,3.3,,,,,,,,,,,,,,,,,,,,,,,,03_Perfusion-shear_rate_4000_LMH_1.xlsx,03_Perfusion-shear_rate_4000_LMH_1,4000.0,1.0,4000 shear / LMH 1,03_record,,16.5,,,,,,,,
,234.5,"1.5, 1.5",64.5,2770.0,4.761170685964086,2.6000000000000005,0.6869444444444445,234.2924481746757,,4.3,-0.5,-12.8,14.7,3.4,,,,,1.66,0.64,0.26,0.8,0.4768752177,0.4544092095,95.28891261987674,11.376991552683009,10.907703421066813,97.7268768964108,,0.004,0.0038,,,,,,,03_Perfusion-shear_rate_4000_LMH_1.xlsx,03_Perfusion-shear_rate_4000_LMH_1,4000.0,1.0,4000 shear / LMH 1,03_record,,10.0,97.16811206171447,92.60875973606677,159.0,79.4,,,,
,258.0,"1.5, 1.5",64.5,2770.0,4.74107626498804,2.7,0.7163888888888889,256.6227285094132,,4.3,-0.5,-20.0,21.9,3.4,,,,,1.62,0.64,0.26,0.8,0.4763174982,0.4507781193,94.6381606813705,10.642530279538397,10.106543403778103,97.48264463712196,,0.005,0.0046,,,,,,,03_Perfusion-shear_rate_4000_LMH_1.xlsx,03_Perfusion-shear_rate_4000_LMH_1,4000.0,1.0,4000 shear / LMH 1,03_record,,9.0,96.73502172742033,92.21790640881848,177.0,77.3,,,,
,286.3,"1.5, 1.5",64.5,2770.0,4.807720706735146,3.6000000000000005,0.9419444444444445,283.64582393938986,,4.3,-0.5,-43.7,45.6,3.4,,,,,1.58,0.66,0.26,0.83,0.4724788575,0.4298595798,90.97964342245727,12.819707231847586,11.898778291007181,97.03362197284025,,0.009,0.0092,2371.624,2107.455,2239.5395,186.795691279269,,,03_Perfusion-shear_rate_4000_LMH_1.xlsx,03_Perfusion-shear_rate_4000_LMH_1,4000.0,1.0,4000 shear / LMH 1,03_record,,13.75,96.35258422615047,93.51419664930422,169.0,78.2,,,,
,305.5,"1.5, 1.5",64.5,2780.0,3.8623503711297977,2.0,0.6513888888888889,300.29236040889054,,4.3,-0.5,-66.1,68.0,3.3,,,,,1.56,0.68,0.28,0.9,0.4720104195,0.3930568179,83.2729112879255,7.861237597316419,6.8493539128315915,96.4816981595229,,0.041,0.0411,2538.593,2223.447,2381.02,222.84187366381553,,,03_Perfusion-shear_rate_4000_LMH_1.xlsx,03_Perfusion-shear_rate_4000_LMH_1,4000.0,1.0,4000 shear / LMH 1,03_record,,9.0,95.5963675455681,75.1259513948805,167.0,72.8,,,,
,313.0,,64.5,2780.0,,,,,,4.3,-0.5,-71.8,73.7,3.3,,,,,,,,,,,,,,,,,,,,,,,,03_Perfusion-shear_rate_4000_LMH_1.xlsx,03_Perfusion-shear_rate_4000_LMH_1,4000.0,1.0,4000 shear / LMH 1,03_record,,16.5,,,,,,,,
,329.3,"1.5, 1.5",64.5,2780.0,3.9958286560144294,1.7999999999999998,0.5666666666666667,318.9948264934938,,4.3,-0.5,-83.3,85.2,3.4,,,,,1.52,0.68,0.28,0.9,0.476352396,0.37512072,78.74857419631832,8.868361696393803,7.183407174764392,95.56612975271571,,0.041,0.0412,2735.94,2276.654,2506.297,324.76424510404473,,,03_Perfusion-shear_rate_4000_LMH_1.xlsx,03_Perfusion-shear_rate_4000_LMH_1,4000.0,1.0,4000 shear / LMH 1,03_record,,9.25,94.21069989638737,77.7222158916153,173.0,71.3,,,,
,337.0,,64.5,2780.0,,,,,,4.3,-0.5,-85.1,87.1,3.2,,,,,,,,,,,,,,,,,,,,,,,,03_Perfusion-shear_rate_4000_LMH_1.xlsx,03_Perfusion-shear_rate_4000_LMH_1,4000.0,1.0,4000 shear / LMH 1,03_record,,16.5,,,,,,,,
,353.5,"1.5, 1.5",64.5,2780.0,2.658199781838131,1.1,0.5205555555555557,335.09757531309697,,4.3,-0.5,-87.4,89.3,3.4,,,,,1.48,0.7,0.3,0.92,0.477165078,0.36617256,76.73917830172809,7.677126189462246,5.968429744749879,94.69809327743967,,0.044,0.0435,2666.765,2563.875,2615.3199999999997,72.75421671628379,,,03_Perfusion-shear_rate_4000_LMH_1.xlsx,03_Perfusion-shear_rate_4000_LMH_1,4000.0,1.0,4000 shear / LMH 1,03_record,,9.0,92.1913529551991,51.70421334661,163.0,68.2,,,,
,361.3,,64.5,2790.0,,,,,,4.3,-0.5,-88.4,90.3,3.3,,,,,,,,,,,,,,,,,,,,,,,,03_Perfusion-shear_rate_4000_LMH_1.xlsx,03_Perfusion-shear_rate_4000_LMH_1,4000.0,1.0,4000 shear / LMH 1,03_record,,16.833333333333332,,,,,,,,
,377.5,"1.5, 1.5",64.5,2780.0,3.154252803089334,1.4,0.5583333333333333,349.0474615169229,,4.3,-0.5,-89.2,91.2,3.3,,,,,1.44,0.7,0.28,0.92,0.47499777,0.375500736,79.05315766008755,6.641281688555408,5.173129039808257,94.01871403397558,,0.063,0.0625,3239.402,2843.582,3041.492,279.88700612925936,,,03_Perfusion-shear_rate_4000_LMH_1.xlsx,03_Perfusion-shear_rate_4000_LMH_1,4000.0,1.0,4000 shear / LMH 1,03_record,,9.0,89.92404808872061,61.35286030581906,167.0,63.7,,,,
Filtration start,0.0,"2mL, 0mL",14.5,1200.0,,,,0.0,,2.0,-0.8,0.0,0.6,10.9,156.0,95.3,,,2.58,0.56,0.28,0.4,0.4455128002,,,,,,1.247,,1.247,558.177,582.066,570.1215,16.89207389576544,,,04_Perfusion-shear_rate_900_LMH_1.xlsx,04_Perfusion-shear_rate_900_LMH_1,900.0,1.0,900 shear / LMH 1,04_record,,,,,,,1.0,,,
,2.0,-,14.5,1250.0,,,,,,1.8,-1.0,-1.0,1.4,6.5,,,,,,,,,,,,,,,,,,,,,,,,04_Perfusion-shear_rate_900_LMH_1.xlsx,04_Perfusion-shear_rate_900_LMH_1,900.0,1.0,900 shear / LMH 1,04_record,,,,,,,,,,
,3.5,-,14.55,1290.0,,,,,,1.8,-1.0,-1.0,1.4,4.0,,,,,,,,,,,,,,,,,,,,,,,,04_Perfusion-shear_rate_900_LMH_1.xlsx,04_Perfusion-shear_rate_900_LMH_1,900.0,1.0,900 shear / LMH 1,04_record,,,,,,,,,,
,17.5,"1.5mL , 1.5mL",14.5,1300.0,5.186949386074531,2.5999999999999996,0.6305555555555555,18.15432285126086,103.39433992175147,1.8,-1.0,-1.0,1.4,3.8,146.0,93.7,,,2.64,0.56,0.28,0.42,0.443714128,0.44039631479999997,99.25226334014768,8.071656371288881,7.995096881384711,99.05150211576778,,-0.0,-0.0002,578.049,621.795,599.922,30.933093249786694,,,04_Perfusion-shear_rate_900_LMH_1.xlsx,04_Perfusion-shear_rate_900_LMH_1,900.0,1.0,900 shear / LMH 1,04_record,,,,,,,,,,
,23.5,"1.5mL , 1.5mL",14.5,1310.0,5.018915220114744,2.6000000000000005,0.6516666666666667,24.277841614974427,102.96674184621939,1.8,-1.0,-1.1,1.4,3.8,145.0,94.8,,,2.52,0.56,0.26,0.44,0.4441834072,0.4366897496,98.31293617039012,2.718528608526113,2.6854264863725428,98.98369108349037,,0.004,0.0037,,,,,,,04_Perfusion-shear_rate_900_LMH_1.xlsx,04_Perfusion-shear_rate_900_LMH_1,900.0,1.0,900 shear / LMH 1,04_record,,,,,,,,,,
,41.5,"1.5mL , 1.5mL",14.65,1310.0,4.685467100019919,2.3,0.6175,41.745729791216824,100.25792688920502,1.8,-1.0,-1.3,1.7,3.8,148.0,93.2,,,2.48,0.58,0.26,0.48,0.4422600104,0.4349505472,98.34724754033515,7.742147246601471,7.6128576172045666,98.71062509275527,,0.003,0.0031,624.384,703.405,663.8945,55.87628495614214,,,04_Perfusion-shear_rate_900_LMH_1.xlsx,04_Perfusion-shear_rate_900_LMH_1,900.0,1.0,900 shear / LMH 1,04_record,,,,,,,,,,
,47.5,"1.5mL , 1.5mL",14.5,1310.0,4.728492065652261,2.2,0.5852777777777778,47.39410529062013,99.44557850803314,1.8,-1.0,-1.0,1.5,3.9,150.0,93.8,,,2.42,0.56,0.26,0.5,0.44430234679999997,0.4353325886,97.98115894174252,2.503818548550862,2.457842970898301,98.64553728410114,,0.002,0.0024,,,,,,,04_Perfusion-shear_rate_900_LMH_1.xlsx,04_Perfusion-shear_rate_900_LMH_1,900.0,1.0,900 shear / LMH 1,04_record,,,,,,,,,,
,67.5,"1.5mL , 1.5mL",14.5,1280.0,4.812369677330192,2.9000000000000004,0.7580555555555556,66.47582877658505,98.15552421791811,2.0,-0.9,-1.0,1.5,3.9,146.0,93.7,,,2.42,0.56,0.28,0.54,0.443670162,0.4349866456,98.04279910083294,8.472022938030072,8.30359548576057,98.46363154905444,,0.006,0.0064,,,,,,,04_Perfusion-shear_rate_900_LMH_1.xlsx,04_Perfusion-shear_rate_900_LMH_1,900.0,1.0,900 shear / LMH 1,04_record,,,,,,,,,,
,91.5,"1.5mL , 1.5mL",14.5,1350.0,4.869468613064179,2.4,0.62,89.71224067353154,97.72042990417901,2.0,-1.0,-1.3,1.7,3.9,150.0,92.4,,,2.36,0.6,0.26,0.58,0.44367293879999997,0.43548461839999997,98.1544241976653,10.309334892051254,10.113314417379826,98.36912260762143,,0.004,0.0037,,,,,,,04_Perfusion-shear_rate_900_LMH_1.xlsx,04_Perfusion-shear_rate_900_LMH_1,900.0,1.0,900 shear / LMH 1,04_record,,,,,,,,,,
,114.0,"1.5mL , 1.5mL",14.55,1340.0,4.309389062202847,2.3,0.6713888888888888,110.36467044288236,96.48948281420036,2.0,-1.0,-1.3,1.7,4.1,152.0,91.9,,,2.3,0.6,0.26,0.62,0.44348133959999997,0.4349991412,98.08736069759992,9.16094571461755,8.98880235524973,98.32269491386117,,0.007,0.0071,815.287,860.725,838.0060000000001,32.12951792355434,,,04_Perfusion-shear_rate_900_LMH_1.xlsx,04_Perfusion-shear_rate_900_LMH_1,900.0,1.0,900 shear / LMH 1,04_record,,,,,,,,,,
,118.75,-,14.55,1310.0,4.511982715933093,1.9000000000000004,0.5297222222222223,114.55482203749693,96.14672945969318,2.0,-1.0,-1.5,2.0,5.1,,,,,,,,,,,,,,,,,,,,,,,,04_Perfusion-shear_rate_900_LMH_1.xlsx,04_Perfusion-shear_rate_900_LMH_1,900.0,1.0,900 shear / LMH 1,04_record,,,,,,,,,,
,121.5,-,14.5,1330.0,,,,,,2.0,-1.0,-1.5,2.0,4.0,,,,,,,,,,,,,,,,,,,,,,,,04_Perfusion-shear_rate_900_LMH_1.xlsx,04_Perfusion-shear_rate_900_LMH_1,900.0,1.0,900 shear / LMH 1,04_record,,,,,,,,,,
,137.5,"1.5mL , 1.5mL",14.55,1340.0,4.8274478179260605,2.0999999999999996,0.5472222222222222,132.06625428848284,95.72908797715459,1.9,-1.0,-1.5,2.0,4.0,156.0,90.9,,,2.2,0.6,0.26,0.64,0.4357837274,0.4304595932,98.77826227432466,9.540722287004012,9.39091264474444,98.34015479369405,,0.006,0.0055,1012.479,953.343,982.9110000000001,41.81546661224773,,,04_Perfusion-shear_rate_900_LMH_1.xlsx,04_Perfusion-shear_rate_900_LMH_1,900.0,1.0,900 shear / LMH 1,04_record,,,,,,,,,,
,145.5,-,14.55,1330.0,,,,,,1.9,-1.0,-1.3,1.7,4.0,,,,,,,,,,,,,,,,,,,,,,,,04_Perfusion-shear_rate_900_LMH_1.xlsx,04_Perfusion-shear_rate_900_LMH_1,900.0,1.0,900 shear / LMH 1,04_record,,,,,,,,,,
,161.5,"1.5mL , 1.5mL",14.5,1330.0,4.632844818567455,2.4,0.6516666666666667,154.77095661606728,95.51502624856296,1.9,-1.0,-1.3,1.8,4.1,152.0,90.1,,,2.16,0.64,0.26,0.7,0.43441772219999997,0.4300693712,98.99903922473999,9.878832439100236,9.769026990483255,98.41934990305197,,0.006,0.0056,1023.447,1026.653,1025.05,2.2669843404840835,,,04_Perfusion-shear_rate_900_LMH_1.xlsx,04_Perfusion-shear_rate_900_LMH_1,900.0,1.0,900 shear / LMH 1,04_record,,,,,,,,,,
,169.75,-,14.55,1340.0,,,,,,1.9,-1.0,-1.8,2.2,3.7,,,,,,,,,,,,,,,,,,,,,,,,04_Perfusion-shear_rate_900_LMH_1.xlsx,04_Perfusion-shear_rate_900_LMH_1,900.0,1.0,900 shear / LMH 1,04_record,,,,,,,,,,
,185.3,-,14.5,1330.0,,,,,,1.9,-1.0,-1.8,2.2,4.1,,,,,,,,,,,,,,,,,,,,,,,,04_Perfusion-shear_rate_900_LMH_1.xlsx,04_Perfusion-shear_rate_900_LMH_1,900.0,1.0,900 shear / LMH 1,04_record,,,,,,,,,,
,190.0,"1.5mL , 1.5mL",14.55,1330.0,4.463371912960267,2.5999999999999996,0.7327777777777778,180.69517430092128,94.78676742485816,1.9,-1.0,-1.4,2.0,4.4,159.0,89.7,,,2.04,0.62,0.28,0.74,0.43581339339999997,0.4306508248,98.81541763557927,11.280030438473872,11.156748863427099,98.48839808417044,,0.009,0.0086,1072.113,1192.456,1132.2845,85.09535136833259,,,04_Perfusion-shear_rate_900_LMH_1.xlsx,04_Perfusion-shear_rate_900_LMH_1,900.0,1.0,900 shear / LMH 1,04_record,,,,,,,,,,
,209.5,"1.5mL , 1.5mL",14.55,1340.0,4.754441795432743,2.4000000000000004,0.635,198.66991103228764,94.51545494284969,1.9,-1.0,-1.7,2.2,4.1,153.0,87.7,,,2.0,0.62,0.26,0.76,0.4376490342,0.430451378,98.35538167857334,7.850128590425077,7.739042697064823,98.49705449841326,,0.007,0.0074,1238.959,1180.974,1209.9665,41.00158670710205,,,04_Perfusion-shear_rate_900_LMH_1.xlsx,04_Perfusion-shear_rate_900_LMH_1,900.0,1.0,900 shear / LMH 1,04_record,,,,,,,,,,
,217.5,-,14.6,1370.0,,,,,,2.0,-1.0,-1.7,2.1,4.1,,,,,,,,,,,,,,,,,,,,,,,,04_Perfusion-shear_rate_900_LMH_1.xlsx,04_Perfusion-shear_rate_900_LMH_1,900.0,1.0,900 shear / LMH 1,04_record,,,,,,,,,,
,234.5,"1.5mL , 1.5mL",14.55,1350.0,4.6562207492018866,2.6999999999999997,0.7294444444444445,222.1965673938742,94.43853851505962,2.0,-1.0,-1.8,2.3,4.1,153.0,87.4,,,1.9,0.62,0.26,0.8,0.43859948719999997,0.4291567994,97.8470818877875,10.307598925163063,10.11185309764977,98.45532310058405,,0.008,0.0082,,,,,,,04_Perfusion-shear_rate_900_LMH_1.xlsx,04_Perfusion-shear_rate_900_LMH_1,900.0,1.0,900 shear / LMH 1,04_record,,,,,,,,,,
,259.5,"1.5mL , 1.5mL",14.5,1370.0,5.0781322660869535,2.8,0.6936111111111112,246.5324499320963,94.68724672367496,2.0,-0.9,-1.8,2.3,4.0,156.0,87.1,,,1.86,0.64,0.24,0.82,0.4407863278,0.42841127,97.19250416369199,10.700314949809359,10.434837902724153,98.36301116883658,,0.007,0.0072,,,,,,,04_Perfusion-shear_rate_900_LMH_1.xlsx,04_Perfusion-shear_rate_900_LMH_1,900.0,1.0,900 shear / LMH 1,04_record,,,,,,,,,,
,281.5,"1.5mL , 1.5mL",14.5,1350.0,4.745545010635899,2.1,0.5566666666666668,268.1445399408866,94.93914539724419,2.0,-0.9,-2.1,2.8,4.0,157.0,85.4,,,1.84,0.66,0.26,0.86,0.4385705058,0.42470553019999996,96.83859826033927,9.502369518804011,9.218818536966781,98.2545734076442,,0.007,0.0071,1392.254,1556.085,1474.1695,115.84601106857336,,,04_Perfusion-shear_rate_900_LMH_1.xlsx,04_Perfusion-shear_rate_900_LMH_1,900.0,1.0,900 shear / LMH 1,04_record,,,,,,,,,,
,289.5,-,14.5,1350.0,,,,,,1.9,-0.9,-2.3,2.8,4.0,,,,,,,,,,,,,,,,,,,,,,,,04_Perfusion-shear_rate_900_LMH_1.xlsx,04_Perfusion-shear_rate_900_LMH_1,900.0,1.0,900 shear / LMH 1,04_record,,,,,,,,,,
,305.0,"1.5mL , 1.5mL",14.5,1370.0,4.750285814842329,2.1,0.5561111111111111,290.4597423807604,94.91631470424066,2.0,-0.9,-3.0,3.3,4.0,155.0,84.0,,,1.8,0.68,0.24,0.9,0.439161772,0.4243634584,96.63032746848467,9.79338673355928,9.473573183013956,98.1381101100029,,0.011,0.0106,1523.896,1601.503,1562.6995,54.876435967544374,,,04_Perfusion-shear_rate_900_LMH_1.xlsx,04_Perfusion-shear_rate_900_LMH_1,900.0,1.0,900 shear / LMH 1,04_record,,,,,,,,,,
,313.0,-,14.5,1360.0,,,,,,1.9,-0.9,-3.1,3.6,4.0,,,,,,,,,,,,,,,,,,,,,,,,04_Perfusion-shear_rate_900_LMH_1.xlsx,04_Perfusion-shear_rate_900_LMH_1,900.0,1.0,900 shear / LMH 1,04_record,,,,,,,,,,
,329.0,"1.5mL , 1.5mL",14.55,1370.0,4.765024324722456,2.6,0.6863888888888889,313.2964867157159,94.91052723415844,1.9,-0.9,-3.8,4.3,4.0,162.0,82.5,,,1.74,0.7,0.24,0.92,0.4422945398,0.4295803636,97.12540511900754,10.064796217504703,9.750648369714366,98.04619167769208,,0.008,0.0083,1810.161,1912.331,1861.246,72.24509983382946,,,04_Perfusion-shear_rate_900_LMH_1.xlsx,04_Perfusion-shear_rate_900_LMH_1,900.0,1.0,900 shear / LMH 1,04_record,,,,,,,,,,
,337.5,-,14.55,1370.0,,,,,,1.9,-0.9,-3.3,3.8,4.0,,,,,,,,,,,,,,,,,,,,,,,,04_Perfusion-shear_rate_900_LMH_1.xlsx,04_Perfusion-shear_rate_900_LMH_1,900.0,1.0,900 shear / LMH 1,04_record,,,,,,,,,,
,353.5,"1.5mL , 1.5mL",14.55,1390.0,4.819716698754456,2.5,0.6525,336.77910222323436,94.95339031795976,2.0,-0.8,-3.8,4.4,4.0,161.0,83.3,,,1.68,0.66,0.26,0.94,0.4497633788,0.4242728724,94.33246289015116,10.4739265564605,10.02535362041921,97.8817840716925,,0.006,0.0061,1721.676,1847.073,1784.3745,88.66906904044961,,,04_Perfusion-shear_rate_900_LMH_1.xlsx,04_Perfusion-shear_rate_900_LMH_1,900.0,1.0,900 shear / LMH 1,04_record,,,,,,,,,,
.,361.0,-,14.55,1370.0,,,,,,2.0,-0.9,-4.0,4.6,4.0,,,,,,,,,,,,,,,,,,,,,,,,04_Perfusion-shear_rate_900_LMH_1.xlsx,04_Perfusion-shear_rate_900_LMH_1,900.0,1.0,900 shear / LMH 1,04_record,,,,,,,,,,
,377.0,"1.5mL , 1.5mL",14.55,1380.0,4.8729617756273536,3.0,0.7744444444444445,359.5568966380316,95.05632770641583,2.0,-0.9,-5.3,5.6,4.1,161.0,79.6,,,1.62,0.68,0.24,0.94,0.4498690406,0.42385782180000003,94.2180464863045,10.245821148989933,9.65927329468344,97.6488199643334,,0.013,0.0127,1786.243,2015.206,1900.7244999999998,161.90128994081545,,,04_Perfusion-shear_rate_900_LMH_1.xlsx,04_Perfusion-shear_rate_900_LMH_1,900.0,1.0,900 shear / LMH 1,04_record,,,,,,,,,,
Filtration start,0.0,"2mL, 0mL",21.8,1730.0,,,,0.0,,2.8,-0.2,2.0,0.6,10.7,165.0,95.6,,,2.6,0.56,0.28,0.4,0.4450553224,,,,,,1.253,,1.253,513.725,559.63,536.6775,32.459736790368446,,0.31,05_Perfusion-shear_rate_1350_LMH_1.xlsx,05_Perfusion-shear_rate_1350_LMH_1,1350.0,1.0,1350 shear / LMH 1,05_record,,,,,,,,,,
,2.0,,21.8,1770.0,,,,,,2.8,-0.4,0.2,1.0,5.9,,,,,,,,,,,,,,,,,,,,,,,1.0,05_Perfusion-shear_rate_1350_LMH_1.xlsx,05_Perfusion-shear_rate_1350_LMH_1,1350.0,1.0,1350 shear / LMH 1,05_record,,,,,,,,,,
Before start,3.0,,,,5.069999999999999,,,,,,,,,36.7,167.0,95.3,,,3.0,0.62,0.32,0.14,,,,,,,,,,1.0,2.0,,,,0.31,05_Perfusion-shear_rate_1350_LMH_1.xlsx,05_Perfusion-shear_rate_1350_LMH_1,1350.0,1.0,1350 shear / LMH 1,05_record,,,,,,,,,,
,3.5,,21.8,1570.0,,,,,,2.3,-0.9,-0.4,1.1,3.5,,,,,,,,,,,,,,,,,,,,,,,,05_Perfusion-shear_rate_1350_LMH_1.xlsx,05_Perfusion-shear_rate_1350_LMH_1,1350.0,1.0,1350 shear / LMH 1,05_record,,,,,,,,,,
,17.5,"1.5mL , 1.5mL",21.8,1570.0,4.9184375251022345,2.7,0.6905555555555556,17.214531337857824,97.01060207302238,2.3,-0.9,-0.5,1.3,3.5,159.0,94.0,,,2.6,0.56,0.26,0.42,0.443601899,0.4424175938,99.7330252186319,7.64890879320198,7.616011532889754,99.56990910466257,,0.001,0.0011,614.507,659.832,637.1695,32.0496148572803,,,05_Perfusion-shear_rate_1350_LMH_1.xlsx,05_Perfusion-shear_rate_1350_LMH_1,1350.0,1.0,1350 shear / LMH 1,05_record,,,,,,,,,,
,23.5,"1.5mL , 1.5mL",21.8,1560.0,4.890894274961662,2.7,0.6944444444444444,23.100130417896164,96.941249812817,2.3,-0.9,-0.5,1.2,3.4,150.0,94.8,,,2.52,0.56,0.26,0.44,0.4443037352,0.4391111192,98.83129139176322,2.6129282919041894,2.5941622911300906,99.49654958797477,,0.002,0.0015,,,,,,,05_Perfusion-shear_rate_1350_LMH_1.xlsx,05_Perfusion-shear_rate_1350_LMH_1,1350.0,1.0,1350 shear / LMH 1,05_record,,,,,,,,,,
,41.5,"1.5mL , 1.5mL",21.8,1560.0,4.87165125251423,2.4,0.6197222222222223,40.67271236735277,96.65338838752113,2.3,-0.9,-0.7,1.5,3.5,155.0,94.0,,,2.52,0.58,0.26,0.48,0.442336141,0.4359305262,98.55186718735696,7.790275942090282,7.688370511489426,99.14930351114121,,0.004,0.0043,644.554,671.546,658.05,19.086226237787344,,,05_Perfusion-shear_rate_1350_LMH_1.xlsx,05_Perfusion-shear_rate_1350_LMH_1,1350.0,1.0,1350 shear / LMH 1,05_record,,,,,,,,,,
,47.5,"1.5mL , 1.5mL",21.8,1570.0,4.729614423132833,2.4000000000000004,0.6383333333333333,46.433471772741015,96.40500731390225,2.3,-0.9,-0.7,1.4,3.6,143.0,94.2,,,2.42,0.58,0.24,0.5,0.443944371,0.4379328304,98.64587975595708,2.5528243976581537,2.517058275278795,99.08111919894426,,0.003,0.0034,,,,,,,05_Perfusion-shear_rate_1350_LMH_1.xlsx,05_Perfusion-shear_rate_1350_LMH_1,1350.0,1.0,1350 shear / LMH 1,05_record,,,,,,,,,,
,67.5,"1.5mL , 1.5mL",21.8,1500.0,4.859355490295614,3.0999999999999996,0.8025,65.61141159959791,95.86005055095026,2.3,-0.7,-0.5,1.3,3.6,151.0,93.5,,,2.44,0.56,0.26,0.54,0.4436139318,0.4372254406,98.55989842923142,8.510769861962817,8.391866330107062,98.94133313374168,,0.005,0.0051,,,,,,,05_Perfusion-shear_rate_1350_LMH_1.xlsx,05_Perfusion-shear_rate_1350_LMH_1,1350.0,1.0,1350 shear / LMH 1,05_record,,,,,,,,,,
,91.5,"1.5mL , 1.5mL",21.8,1560.0,4.723201721057245,2.5,0.6658333333333334,88.60954890684478,95.50398131820607,2.3,-0.8,-0.8,1.4,3.6,157.0,92.4,,,2.38,0.6,0.26,0.58,0.442569855,0.4372134078,98.78969452178346,10.19028820414119,10.055232351147014,98.87219699341176,,0.006,0.0055,,,,,,,05_Perfusion-shear_rate_1350_LMH_1.xlsx,05_Perfusion-shear_rate_1350_LMH_1,1350.0,1.0,1350 shear / LMH 1,05_record,,,,,,,,,,
,114.0,"1.5mL , 1.5mL",21.8,1570.0,4.713911288382661,2.9,0.773888888888889,109.84305317808457,95.02323019661976,2.3,-0.8,-1.0,1.7,3.8,158.0,92.2,,,2.3,0.58,0.24,0.6,0.4407781248,0.4379170952,99.35091388636897,9.378286551037172,9.291043636671366,98.91024969244772,,0.008,0.0084,854.588,901.715,878.1514999999999,33.32382127697847,,,05_Perfusion-shear_rate_1350_LMH_1.xlsx,05_Perfusion-shear_rate_1350_LMH_1,1350.0,1.0,1350 shear / LMH 1,05_record,,,,,,,,,,
,121.5,,21.8,1570.0,,,,,,2.3,-0.8,-1.0,1.7,3.7,,,,,,,,,,,,,,,,,,,,,,,,05_Perfusion-shear_rate_1350_LMH_1.xlsx,05_Perfusion-shear_rate_1350_LMH_1,1350.0,1.0,1350 shear / LMH 1,05_record,,,,,,,,,,
,137.5,"1.5mL , 1.5mL",21.8,1570.0,4.727145939613451,2.0,0.5322222222222223,132.02953766387543,94.69574155558574,2.3,-0.8,-1.2,2.0,3.7,158.0,90.7,,,2.24,0.6,0.24,0.64,0.437686459,0.4312172172,98.52194609474998,9.74502042989771,9.641517469065551,98.91485941592502,,0.008,0.0076,990.097,1055.421,1022.759,46.19104337423008,,,05_Perfusion-shear_rate_1350_LMH_1.xlsx,05_Perfusion-shear_rate_1350_LMH_1,1350.0,1.0,1350 shear / LMH 1,05_record,,,,,,,,,,
,145.5,,21.8,1570.0,,,,,,2.3,-0.8,-1.4,2.2,3.7,,,,,,,,,,,,,,,,,,,,,,,,05_Perfusion-shear_rate_1350_LMH_1.xlsx,05_Perfusion-shear_rate_1350_LMH_1,1350.0,1.0,1350 shear / LMH 1,05_record,,,,,,,,,,
,161.5,"1.5mL , 1.5mL",21.8,1570.0,4.989141994232706,2.6000000000000005,0.6555555555555556,155.34862870510622,94.8630190980186,2.3,-0.8,-1.4,2.0,3.8,156.0,90.3,,,2.18,0.64,0.26,0.7,0.4376748208,0.4344854976,99.27130302031759,10.20631468881225,10.093700210530928,98.91214709900906,,0.009,0.0085,945.291,1099.098,1022.1945000000001,108.75797269395925,,,05_Perfusion-shear_rate_1350_LMH_1.xlsx,05_Perfusion-shear_rate_1350_LMH_1,1350.0,1.0,1350 shear / LMH 1,05_record,,,,,,,,,,
,169.75,,21.8,1590.0,,,,,,2.3,-0.8,-1.7,2.2,3.4,,,,,,,,,,,,,,,,,,,,,,,,05_Perfusion-shear_rate_1350_LMH_1.xlsx,05_Perfusion-shear_rate_1350_LMH_1,1350.0,1.0,1350 shear / LMH 1,05_record,,,,,,,,,,
,185.3,,21.75,1580.0,,,,,,2.4,-0.7,-2.6,3.5,3.8,,,,,,,,,,,,,,,,,,,,,,,,05_Perfusion-shear_rate_1350_LMH_1.xlsx,05_Perfusion-shear_rate_1350_LMH_1,1350.0,1.0,1350 shear / LMH 1,05_record,,,,,,,,,,
,190.0,"1.5mL , 1.5mL",21.8,1590.0,4.730012807097045,3.0999999999999996,0.8244444444444444,183.04821988889603,95.01101416427699,2.4,-0.8,-2.8,3.7,3.8,162.0,89.4,,,2.0,0.58,0.28,0.7,0.4364763144,0.4341781122,99.47346462472787,12.106814538942885,12.030813433847554,98.98113589079003,,0.012,0.0116,965.066,1161.394,1063.23,138.8248601367925,,,05_Perfusion-shear_rate_1350_LMH_1.xlsx,05_Perfusion-shear_rate_1350_LMH_1,1350.0,1.0,1350 shear / LMH 1,05_record,,,,,,,,,,
,209.5,"1.5mL , 1.5mL",21.8,1590.0,4.889497275740023,2.1,0.5402777777777777,201.80626455042832,94.99760609247542,2.4,-0.8,-4.3,5.1,3.8,158.0,87.8,,,2.02,0.62,0.24,0.74,0.4380933396,0.4301483284,98.18645697575448,8.202608314676425,8.10653698745902,98.96708463500546,,0.011,0.0109,1188.177,1222.194,1205.1855,24.053651375622824,,,05_Perfusion-shear_rate_1350_LMH_1.xlsx,05_Perfusion-shear_rate_1350_LMH_1,1350.0,1.0,1350 shear / LMH 1,05_record,,,,,,,,,,
,217.5,,21.8,1590.0,,,,,,2.3,-0.7,-4.5,4.8,3.7,,,,,,,,,,,,,,,,,,,,,,,,05_Perfusion-shear_rate_1350_LMH_1.xlsx,05_Perfusion-shear_rate_1350_LMH_1,1350.0,1.0,1350 shear / LMH 1,05_record,,,,,,,,,,
,234.5,"1.5mL , 1.5mL",21.8,1600.0,4.714024091064907,3.0,0.8005555555555556,225.81506796744065,94.96686809714767,2.5,-0.8,-6.0,7.0,3.8,168.0,87.6,,,1.96,0.64,0.26,0.8,0.4395939828,0.429340044,97.66740692520689,10.536111192552761,10.317643686079743,98.85687441551954,,0.01,0.0095,,,,,,,05_Perfusion-shear_rate_1350_LMH_1.xlsx,05_Perfusion-shear_rate_1350_LMH_1,1350.0,1.0,1350 shear / LMH 1,05_record,,,,,,,,,,
,259.5,"1.5mL , 1.5mL",21.8,1610.0,4.624656365431731,2.6,0.7072222222222222,249.16176910868225,94.690429975975,2.4,-0.7,-9.8,10.7,3.8,164.0,86.5,,,1.9,0.64,0.24,0.82,0.4392756438,0.4268768532,97.17744637677997,10.259353257172398,9.994920005504788,98.72277993463364,,0.017,0.017,,,,,,,05_Perfusion-shear_rate_1350_LMH_1.xlsx,05_Perfusion-shear_rate_1350_LMH_1,1350.0,1.0,1350 shear / LMH 1,05_record,,,,,,,,,,
,281.5,"1.5mL , 1.5mL",21.8,1610.0,4.7829730111998625,2.1999999999999997,0.5786111111111111,269.85855373727173,94.54092220012951,2.4,-0.7,-11.9,12.7,3.7,155.0,85.9,,,1.86,0.64,0.26,0.84,0.4405029034,0.4262563774,96.76584969360272,9.104293556125873,8.828557366610484,98.58860971594252,,0.014,0.0138,1394.884,1507.279,1451.0815,79.475266671462,,,05_Perfusion-shear_rate_1350_LMH_1.xlsx,05_Perfusion-shear_rate_1350_LMH_1,1350.0,1.0,1350 shear / LMH 1,05_record,,,,,,,,,,
,289.5,,21.85,1630.0,,,,,,2.5,-0.7,-13.7,14.7,3.7,,,,,,,,,,,,,,,,,,,,,,,,05_Perfusion-shear_rate_1350_LMH_1.xlsx,05_Perfusion-shear_rate_1350_LMH_1,1350.0,1.0,1350 shear / LMH 1,05_record,,,,,,,,,,
,305.0,"1.5mL , 1.5mL",21.85,1600.0,4.627465296019188,2.2,0.5980555555555556,291.9730837592365,94.4071794093305,2.4,-0.7,-17.1,17.9,3.7,166.0,82.9,,,1.84,0.68,0.24,0.9,0.4401891284,0.4225216562,95.98639060800575,9.73804518867312,9.385163653015704,98.42106037060924,,0.018,0.0175,1563.896,1625.889,1594.8925,43.8356706860976,,,05_Perfusion-shear_rate_1350_LMH_1.xlsx,05_Perfusion-shear_rate_1350_LMH_1,1350.0,1.0,1350 shear / LMH 1,05_record,,,,,,,,,,
,313.0,,21.85,1610.0,,,,,,2.4,-0.7,-18.9,19.9,3.7,,,,,,,,,,,,,,,,,,,,,,,,05_Perfusion-shear_rate_1350_LMH_1.xlsx,05_Perfusion-shear_rate_1350_LMH_1,1350.0,1.0,1350 shear / LMH 1,05_record,,,,,,,,,,
,329.0,"1.5mL , 1.5mL",21.85,1610.0,4.715478475666856,2.7,0.7202777777777778,314.396148811283,94.24175488788661,2.4,-0.7,-25.4,26.3,3.7,152.0,82.2,,,1.74,0.68,0.22,0.9,0.446076956,0.4208281596,94.33981153691336,9.936401031961879,9.455243890657426,98.18696483431548,,0.013,0.0129,1534.442,1769.25,1651.846,166.03432907685084,,,05_Perfusion-shear_rate_1350_LMH_1.xlsx,05_Perfusion-shear_rate_1350_LMH_1,1350.0,1.0,1350 shear / LMH 1,05_record,,,,,,,,,,
,337.5,,21.85,1600.0,,,,,,2.3,-0.7,-29.4,30.1,3.7,,,,,,,,,,,,,,,,,,,,,,,,05_Perfusion-shear_rate_1350_LMH_1.xlsx,05_Perfusion-shear_rate_1350_LMH_1,1350.0,1.0,1350 shear / LMH 1,05_record,,,,,,,,,,
,353.5,"1.5mL , 1.5mL",21.85,1600.0,4.636164834305576,2.5,0.6783333333333333,337.3076749207155,94.10199914652169,2.3,-0.7,-41.4,42.3,3.7,170.0,82.7,,,1.72,0.64,0.28,0.92,0.4460088168,0.4022936066,90.19857712373367,10.219523237680228,9.42948791876674,97.78037832085892,,0.017,0.0173,1786.686,1881.168,1833.927,66.80886290006737,,,05_Perfusion-shear_rate_1350_LMH_1.xlsx,05_Perfusion-shear_rate_1350_LMH_1,1350.0,1.0,1350 shear / LMH 1,05_record,,,,,,,,,,
.,361.0,,21.85,1630.0,,,,,,2.5,-0.7,-47.2,48.1,3.7,,,,,,,,,,,,,,,,,,,,,,,,05_Perfusion-shear_rate_1350_LMH_1.xlsx,05_Perfusion-shear_rate_1350_LMH_1,1350.0,1.0,1350 shear / LMH 1,05_record,,,,,,,,,,
,377.0,"1.5mL , 1.5mL",21.85,1610.0,3.459351660531011,2.2,0.8,356.3321386835815,93.21282906250985,2.4,-0.7,-63.9,64.8,3.8,161.0,80.8,,,1.66,0.68,0.26,0.94,0.4476878956,0.3765107462,84.10116733118124,8.501050360023134,7.4081675941029514,97.20533847306223,,0.047,0.0472,1918.056,2059.545,1988.8005,100.04783136330344,,,05_Perfusion-shear_rate_1350_LMH_1.xlsx,05_Perfusion-shear_rate_1350_LMH_1,1350.0,1.0,1350 shear / LMH 1,05_record,,,,,,,,,,
Filtration start,0.0,"2mL, 0mL",32.0,1790.0,,,,0.0,,2.5,-0.8,-1.3,2.3,12.4,151.0,93.2,,,2.02,0.42,0.34,0.48,0.46960826240000003,,,,,,1.263,,,830.284,869.504,849.894,27.73272795813641,,1.0,07_Perfusion-sheer_rate_2000_LMH_10.xlsx,07_Perfusion-sheer_rate_2000_LMH_10,2000.0,10.0,2000 shear / LMH 10,07_record,,,,,,,,,,
,2.0,"1.5mL, 1.5mL",32.0,1890.0,54.34326972179625,1.5,0.034722222222222224,21.7373078887185,,2.5,-0.9,-3.3,4.3,6.7,150.0,93.6,,,2.26,0.46,0.34,0.52,0.4693847232,0.46533047040000003,99.13626230262452,10.20558981666711,10.115031705087011,99.11266165692642,,0.001,0.0009,,,,,,,07_Perfusion-sheer_rate_2000_LMH_10.xlsx,07_Perfusion-sheer_rate_2000_LMH_10,2000.0,10.0,2000 shear / LMH 10,07_record,,,,,,,,106.68093781271347,106.68093781271347,
,18.5,"1.5mL, 1.5mL",32.0,2110.0,9.491090021271798,0.7,0.09277777777777778,127.0640014647808,,2.6,-0.9,-96.7,97.7,3.3,145.0,91.2,,,2.1,0.6,0.3,0.54,0.4668350976,0.35764496,76.61055517004898,49.30446909261878,43.340640489184395,89.82628008444172,,-0.001,-0.0007,979.916,962.877,971.3965000000001,12.048392444637654,,,07_Perfusion-sheer_rate_2000_LMH_10.xlsx,07_Perfusion-sheer_rate_2000_LMH_10,2000.0,10.0,2000 shear / LMH 10,07_record,,,,,,,,67.41582649687537,18.631900316591672,
,25.0,"1.5mL, 1.5mL",32.0,2060.0,12.892827929251776,0.8,0.07805555555555556,141.61354813262113,,2.8,-0.9,-96.7,97.6,3.6,143.0,93.0,,,2.0,0.44,0.3,0.54,0.468872288,0.3320779008,70.82480865237231,6.807059137115035,5.0175774755429705,88.17218147040357,,0.002,0.0016,955.81,942.336,949.073,9.527556769707493,,,07_Perfusion-sheer_rate_2000_LMH_10.xlsx,07_Perfusion-sheer_rate_2000_LMH_10,2000.0,10.0,2000 shear / LMH 10,07_record,,,,,,,,55.600136683400514,25.30983103504471,
,43.0,"1.5mL, 1.5mL",32.0,2060.0,13.676997413203754,0.9,0.08277777777777778,189.4392337490411,,2.8,-0.9,-98.2,99.2,3.7,146.0,91.7,,,2.0,0.46,0.3,0.6,0.4693378368,0.2704402816,57.621666184830374,22.435271235413477,14.407922584819593,82.11741998653721,,0.002,0.0016,,,,,,,07_Perfusion-sheer_rate_2000_LMH_10.xlsx,07_Perfusion-sheer_rate_2000_LMH_10,2000.0,10.0,2000 shear / LMH 10,07_record,,,,,,,,43.24267349390552,26.849229315280237,
,66.5,"1.5mL, 1.5mL",32.0,2060.0,2.515892116749826,0.2,0.1,227.49252414443202,,2.8,-0.9,-97.8,98.8,3.7,151.0,92.1,,,1.92,0.48,0.3,0.66,0.4681256576,0.2398679808,51.24008413248742,17.83678529374056,9.709454250137272,77.48500430147104,,0.005,0.0052,1085.889,1077.148,1081.5185,6.180820374351601,,,07_Perfusion-sheer_rate_2000_LMH_10.xlsx,07_Perfusion-sheer_rate_2000_LMH_10,2000.0,10.0,2000 shear / LMH 10,07_record,,,,,,,,33.578133222401114,4.9389323061441415,
,91.0,"1.5mL, 1.5mL",32.0,2090.0,0.65536987122282,0.1,0.19194444444444445,235.26211601496502,,3.0,-0.8,-96.7,97.8,3.8,155.0,91.3,,,1.82,0.48,0.28,0.7,0.4676544256,0.2292692864,49.02536442499134,3.6353146635187037,1.822502548700592,76.58291695086221,,0.006,0.0057,1019.815,1202.737,1111.276,129.34538662820566,,,07_Perfusion-sheer_rate_2000_LMH_10.xlsx,07_Perfusion-sheer_rate_2000_LMH_10,2000.0,10.0,2000 shear / LMH 10,07_record,,,,,,,,25.375912624523245,1.2865525544224967,
,97.0,"1.5mL, 1.5mL",32.0,2080.0,9.807171818158556,1.7,0.21805555555555556,241.53964102859385,,3.0,-0.8,-96.5,97.5,3.8,148.0,91.7,,,1.76,0.48,0.3,0.7,0.467835104,0.2320336896,49.59732341932169,2.9362794610259346,1.4479204853507106,75.87527950289274,,0.006,0.0058,,,,,,,07_Perfusion-sheer_rate_2000_LMH_10.xlsx,07_Perfusion-sheer_rate_2000_LMH_10,2000.0,10.0,2000 shear / LMH 10,07_record,,,,,,,,24.441493836350205,19.252398543695634,
,118.5,"1.5mL, 1.5mL",32.0,2090.0,0.3090143848618005,0.6,2.4425,263.2894413650876,,0.3,-0.8,-97.0,98.1,3.8,151.0,90.6,,,1.76,0.5,0.28,0.76,0.464241664,0.2010855872,43.31485146494736,10.136241801142209,4.710128896143288,73.45772461697571,,0.009,0.0093,1272.124,1314.467,1293.2955000000002,29.941022435782035,,,07_Perfusion-sheer_rate_2000_LMH_10.xlsx,07_Perfusion-sheer_rate_2000_LMH_10,2000.0,10.0,2000 shear / LMH 10,07_record,,,,,,,,21.808518118038062,0.6066242341221053,
,138.0,"1.5mL, 1.5mL",32.0,2100.0,2.1161709393222834,0.4,0.23777777777777778,268.0185527472466,,3.0,-0.8,-97.2,98.3,3.8,143.0,90.3,,,1.66,0.5,0.26,0.78,0.4687993536,0.1742057088,37.159972056753276,2.206227448176677,0.8873971697693966,72.87347888314703,,0.013,0.0129,1437.2,1410.994,1424.097,18.530440307774757,,,07_Perfusion-sheer_rate_2000_LMH_10.xlsx,07_Perfusion-sheer_rate_2000_LMH_10,2000.0,10.0,2000 shear / LMH 10,07_record,,,,,,,,19.06324524641426,4.154242126663296,
,145.0,"1.5mL, 1.0mL",32.0,2100.0,3.15582286421581,0.4,0.15944444444444444,271.70894840972323,,3.0,-0.8,-97.4,98.5,3.8,155.0,89.4,,,1.62,0.48,0.3,0.8,0.4698936064,0.176106976,37.478053244692966,1.7320742139906822,0.6463962062482344,72.38947289467286,,0.011,0.0114,,,,,,,07_Perfusion-sheer_rate_2000_LMH_10.xlsx,07_Perfusion-sheer_rate_2000_LMH_10,2000.0,10.0,2000 shear / LMH 10,07_record,,,,,,,,18.392764199242055,6.195176411888123,
,163.0,"1.5mL, 1.5mL",32.0,2090.0,10.531641418952761,0.5,0.059722222222222225,296.34638411942666,,3.0,-0.8,-98.3,99.4,3.8,154.0,87.8,,,1.6,0.5,0.3,0.86,0.4714505664,0.1556744512,33.020312689139665,11.596153269031976,4.087121791156824,69.28695400751911,,0.015,0.0149,1519.781,1464.689,1492.2350000000001,38.95592678912919,,,07_Perfusion-sheer_rate_2000_LMH_10.xlsx,07_Perfusion-sheer_rate_2000_LMH_10,2000.0,10.0,2000 shear / LMH 10,07_record,,,,,,,,17.845268710176693,20.67460035130106,
,169.5,-,32.0,2080.0,,,,,,3.0,-0.8,-98.2,99.4,3.7,,,,,,,,,,,,,,,,,,,,,,,,07_Perfusion-sheer_rate_2000_LMH_10.xlsx,07_Perfusion-sheer_rate_2000_LMH_10,2000.0,10.0,2000 shear / LMH 10,07_record,,,,,,,,,,
,186.0,"1.5mL, 1.5mL",32.0,2120.0,1.9732487190194714,0.8,0.51,325.1076314367628,,3.1,-0.8,-99.0,100.1,3.7,148.0,85.9,,,1.54,0.52,0.28,0.9,0.4728526592,0.1269120128,26.839652972390432,13.579669307019934,4.063769589817753,65.77988108502717,,0.022,0.0219,1667.02,1680.384,1673.702,9.449775023777045,,,07_Perfusion-sheer_rate_2000_LMH_10.xlsx,07_Perfusion-sheer_rate_2000_LMH_10,2000.0,10.0,2000 shear / LMH 10,07_record,,,,,,,,17.156365249268738,3.8736723969757976,
,193.5,-,32.0,2080.0,,,,,,3.0,-0.8,-98.7,99.8,3.8,,,,,,,,,,,,,,,,,,,,,,,,07_Perfusion-sheer_rate_2000_LMH_10.xlsx,07_Perfusion-sheer_rate_2000_LMH_10,2000.0,10.0,2000 shear / LMH 10,07_record,,,,,,,,,,
,235.5,"1.5mL, 1.2mL",32.0,2070.0,1.071436705871377,0.3,0.3522222222222222,340.1788242899725,,2.9,-0.8,-97.7,98.8,3.7,156.0,83.6,,,1.4,0.52,0.3,0.98,0.47438783360000003,0.0893093568,18.82623256213289,7.138022072679101,1.6293569801133674,63.858200323825784,,0.065,0.065,2178.215,1980.099,2079.157,140.0891670615542,,,07_Perfusion-sheer_rate_2000_LMH_10.xlsx,07_Perfusion-sheer_rate_2000_LMH_10,2000.0,10.0,2000 shear / LMH 10,07_record,,,,,,,,14.178406646759498,2.1033307928374105,
,263.0,"1.5ml, 1.2ml",32.0,2090.0,2.7613450061888334,0.2,0.09111111111111111,350.7189739981381,,3.0,-0.8,-97.0,98.1,3.7,155.0,82.5,,,1.34,0.54,0.28,1.02,0.4775682944,0.0869664576,18.21026617968046,5.01688005236282,0.9289867368524055,62.47595729219443,,0.075,0.0758,,,,,,,07_Perfusion-sheer_rate_2000_LMH_10.xlsx,07_Perfusion-sheer_rate_2000_LMH_10,2000.0,10.0,2000 shear / LMH 10,07_record,,,,,,,,13.089244410338038,5.420779360402107,
,282.5,"1.5mL, 1.1mL",32.0,2090.0,1.2173671532660448,0.1,0.10333333333333333,358.4774627090751,,3.0,-0.8,-98.3,99.4,3.8,151.0,77.3,,,1.3,0.54,0.28,1.06,0.4787122752,0.08296501120000001,17.33087190324047,3.7096460018650026,0.6592056911588717,61.490413134887454,,0.077,0.0765,2632.678,2419.46,2526.069,150.7678936710332,,,07_Perfusion-sheer_rate_2000_LMH_10.xlsx,07_Perfusion-sheer_rate_2000_LMH_10,2000.0,10.0,2000 shear / LMH 10,07_record,,,,,,,,12.455307917663852,2.389805954585875,
,306.0,"1.5mL, 1.5mL",32.0,2100.0,0.6197909411701213,0.3,0.6088888888888889,362.7947842310001,,3.0,-0.8,-97.7,98.8,3.7,152.0,75.0,,,1.28,0.56,0.3,1.1,0.47855504,0.0821887808,17.17436322476094,2.066415391074166,0.3565110103145633,60.9537657881122,,0.069,0.069,2724.837,2631.122,2677.9795,66.2665119988974,,,07_Perfusion-sheer_rate_2000_LMH_10.xlsx,07_Perfusion-sheer_rate_2000_LMH_10,2000.0,10.0,2000 shear / LMH 10,07_record,,,,,,,,11.637258245346956,1.216707776148648,
,330.0,"1.5mL, 1.5mL",32.0,2030.0,1.0899171624908994,0.2,0.23083333333333333,366.89808367978657,,2.8,-0.8,-97.9,98.9,3.7,156.0,71.3,,,1.22,0.56,0.3,1.1,0.4795406016,0.08262946560000001,17.230963410460884,1.965676659030994,0.33814930980153535,60.45465619336948,,0.066,0.066,2999.718,2831.62,2915.669,118.86323570389624,,,07_Perfusion-sheer_rate_2000_LMH_10.xlsx,07_Perfusion-sheer_rate_2000_LMH_10,2000.0,10.0,2000 shear / LMH 10,07_record,,,,,,,,10.912960098029368,2.139609663311542,
,354.0,"1.5mL, 1.5mL",32.0,2020.0,0.9567477063696521,0.3,0.39444444444444443,371.8100793650519,,2.8,-0.8,-98.2,99.2,3.7,155.0,69.9,,,1.2,0.56,0.3,1.12,0.4805029568,0.0817305728,17.00937978494454,2.3578649082637777,0.4036678997254204,59.869669229078845,,0.059,0.0586,3149.152,3007.886,3078.5190000000002,99.89014655109888,,,07_Perfusion-sheer_rate_2000_LMH_10.xlsx,07_Perfusion-sheer_rate_2000_LMH_10,2000.0,10.0,2000 shear / LMH 10,07_record,,,,,,,,10.309294843525112,1.8781855248717159,
Filtration start,0.0,"2mL, 0mL",65.0,2580.0,,,,0.0,,4.0,-0.4,-6.8,8.6,10.5,67.2,85.9,,,2.72,0.76,0.3,0.4,,,,,,,0.811,,0.8108,,,,,,1.0,08_Perfusion-shear_rate_4000_LMH_10.xlsx,08_Perfusion-shear_rate_4000_LMH_10,4000.0,10.0,4000 shear / LMH 10,08_record,,,,,,,,,,
,1.0,"2mL, -",65.0,2590.0,,,,,,4.0,-0.5,-2.2,3.95,10.3,153.0,93.5,,,2.68,0.76,0.28,0.42,0.490957146,,,,,,1.279,,1.279,651.723,620.501,636.112,22.077287922206374,,,08_Perfusion-shear_rate_4000_LMH_10.xlsx,08_Perfusion-shear_rate_4000_LMH_10,4000.0,10.0,4000 shear / LMH 10,08_record,,,,,,,,,,
,2.0,"1.5mL, 1.5mL",65.0,2750.0,50.317842334996534,1.2000000000000002,0.03,20.127136933998617,,4.2,-0.6,-3.5,5.3,4.1,153.0,92.9,,,2.64,0.74,0.26,0.4,0.494784253,0.482180827,97.45274310498317,9.920076059592184,9.704919531977698,97.83110002058461,,0.002,0.0023,,,,,,,08_Perfusion-shear_rate_4000_LMH_10.xlsx,08_Perfusion-shear_rate_4000_LMH_10,4000.0,10.0,4000 shear / LMH 10,08_record,,,,,,,,99.08337840826363,99.08337840826363,
,19.5,"1.5mL, 1.5mL",65.0,2770.0,5.909446468224908,6.0,1.2772222222222223,118.52489233963614,,4.2,-0.5,-93.2,95.05,3.9,151.0,91.0,,,2.62,0.76,0.28,0.46,0.488808775,0.319057352,65.27242723905682,48.39167309391719,39.420019179450215,84.24535265114994,,0.0,0.0002,728.179,690.008,709.0935,26.99097294467166,,,08_Perfusion-shear_rate_4000_LMH_10.xlsx,08_Perfusion-shear_rate_4000_LMH_10,4000.0,10.0,4000 shear / LMH 10,08_record,,,,,,,,59.84443328350011,11.636586415933525,
,25.0,"1.5mL, 1.5mL",65.0,2800.0,12.579460583749135,0.5,0.05,128.69379121822186,,4.3,-0.5,-93.0,94.9,3.5,161.0,91.5,,,2.58,0.76,0.24,0.46,0.491768551,0.299006208,60.80222238530255,4.985695835363993,3.142512921089349,82.5743466291649,,0.002,0.0017,,,,,,,08_Perfusion-shear_rate_4000_LMH_10.xlsx,08_Perfusion-shear_rate_4000_LMH_10,4000.0,10.0,4000 shear / LMH 10,08_record,,,,,,,,50.683475373110035,24.770844602065907,
,42.0,"1.5mL, 1.5mL",65.0,2780.0,2.9029524424036492,0.10000000000000009,0.043333333333333335,155.01389336268159,,4.3,-0.5,-94.0,95.9,3.5,162.0,91.5,,,2.52,0.76,0.24,0.52,0.492545301,0.226887958,46.06438383217872,12.953620563423305,6.9207940831477295,77.6228440703833,,-0.001,-0.0011,861.524,805.121,833.3225,39.882943779264856,,,08_Perfusion-shear_rate_4000_LMH_10.xlsx,08_Perfusion-shear_rate_4000_LMH_10,4000.0,10.0,4000 shear / LMH 10,08_record,,,,,,,,36.33876256802513,5.716348754322907,
,49.0,"1.5mL, 1.0mL",65.0,2780.0,8.923361202265392,0.3999999999999999,0.05638888888888889,163.2923129139499,,4.3,-0.5,-94.3,96.2,3.6,158.0,91.0,,,2.46,0.76,0.26,0.52,0.492086182,0.228221578,46.37837564802826,4.075596259830758,1.8837938403955254,76.0295998592588,,0.001,0.0008,,,,,,,08_Perfusion-shear_rate_4000_LMH_10.xlsx,08_Perfusion-shear_rate_4000_LMH_10,4000.0,10.0,4000 shear / LMH 10,08_record,,,,,,,,32.81092400968833,17.57143656501226,
,67.0,"1.5mL, 1.0mL",65.0,2770.0,6.203569602944783,0.6000000000000005,0.12166666666666667,190.52078836332822,,4.4,-0.5,-93.2,95.1,3.7,156.0,89.4,,,2.5,0.78,0.26,0.58,0.491648573,0.190115896,38.669062912138266,13.392798812608849,5.695345820181971,71.24175163959482,,0.0,-0.0002,953.728,885.124,919.4259999999999,48.510353616521854,,,08_Perfusion-shear_rate_4000_LMH_10.xlsx,08_Perfusion-shear_rate_4000_LMH_10,4000.0,10.0,4000 shear / LMH 10,08_record,,,,,,,,27.99731397606575,12.215758981840729,
,91.0,"1.5mL, 1.0mL",65.0,2780.0,5.480161046385762,1.1,0.2525,218.56174192172153,,4.3,-0.4,-91.4,93.4,3.5,158.0,88.8,,,2.44,0.8,0.24,0.64,0.492297697,0.191549418,38.90926550485163,13.795395830512161,5.351129672361801,67.0777206298207,,0.003,0.0033,,,,,,,08_Perfusion-shear_rate_4000_LMH_10.xlsx,08_Perfusion-shear_rate_4000_LMH_10,4000.0,10.0,4000 shear / LMH 10,08_record,,,,,,,,23.647299479046755,10.791259034563366,
,114.0,"1.5mL, 1.0mL",65.0,2780.0,1.6961070449998767,0.09999999999999964,0.07416666666666667,235.06715853190852,,4.3,-0.5,-92.2,94.1,3.5,150.0,87.7,,,2.44,0.82,0.24,0.64,0.493502496,0.186747669,37.84128155655772,8.135521439933868,3.121975511677575,65.05857735153685,,0.008,0.0082,1052.931,1047.591,1050.261,3.7759502115362666,,,08_Perfusion-shear_rate_4000_LMH_10.xlsx,08_Perfusion-shear_rate_4000_LMH_10,4000.0,10.0,4000 shear / LMH 10,08_record,,,,,,,,20.3018636563927,3.339889159829098,
,122.0,"1.5mL, 0.6mL",65.0,2770.0,4.396704670048239,0.8999999999999999,0.2575,239.941407903947,,4.3,-0.5,-92.4,94.4,3.6,166.0,88.4,,,2.28,0.76,0.24,0.68,0.492611265,0.188067427,38.17765454470474,2.4032821901563826,0.9134711231542735,64.5079209135794,,0.01,0.0097,,,,,,,08_Perfusion-shear_rate_4000_LMH_10.xlsx,08_Perfusion-shear_rate_4000_LMH_10,4000.0,10.0,4000 shear / LMH 10,08_record,,,,,,,,19.363959812980276,8.6577709288774,
,138.0,"1.5mL, 1.0mL",65.0,2770.0,5.069334862107859,0.9,0.22333333333333333,255.08707115539676,,4.3,-0.5,-92.9,94.9,3.5,160.0,86.0,,,2.26,0.8,0.24,0.72,0.493547428,0.177760074,36.016817009934854,7.468013738333907,2.770350069132698,62.87703895937389,,0.021,0.021,1318.67,1253.037,1285.8535000000002,46.409539369616695,,,08_Perfusion-shear_rate_4000_LMH_10.xlsx,08_Perfusion-shear_rate_4000_LMH_10,4000.0,10.0,4000 shear / LMH 10,08_record,,,,,,,,18.199445723904965,9.982280660534022,
,145.0,"1.5mL, 0.5mL",65.0,2770.0,,,,,,4.3,-0.5,-92.5,94.4,3.6,160.0,88.0,,,2.22,0.8,0.24,0.72,0.492466192,0.170384295,34.59817095424086,,,,,0.034,0.0336,,,,,,,08_Perfusion-shear_rate_4000_LMH_10.xlsx,08_Perfusion-shear_rate_4000_LMH_10,4000.0,10.0,4000 shear / LMH 10,08_record,,,,,,,,,,
,162.5,"1.5mL, 0.8mL",65.0,2770.0,4.800642201572107,0.9,0.23583333333333334,279.2685149614127,,4.3,-0.4,-93.0,94.9,3.6,159.0,83.4,,,2.08,0.8,0.24,0.76,0.493292176,0.155512281,31.525389731703346,11.923916659295884,4.059714993167077,60.375910536045055,,0.04,0.04,1481.009,1437.472,1459.2404999999999,30.785307932518744,,,08_Perfusion-shear_rate_4000_LMH_10.xlsx,08_Perfusion-shear_rate_4000_LMH_10,4000.0,10.0,4000 shear / LMH 10,08_record,,,,,,,,16.920664358571873,9.45318451244918,
,169.0,"1.5mL, 0.4mL",65.0,2780.0,4.824080756484353,0.7999999999999998,0.2086111111111111,285.52458488414936,,4.3,-0.4,-92.7,94.7,3.5,151.0,86.7,,,2.14,0.8,0.24,0.78,0.492317534,0.146900155,29.83849748483669,3.083021631144114,0.9459566725605665,59.724480414097684,,0.051,0.0505,,,,,,,08_Perfusion-shear_rate_4000_LMH_10.xlsx,08_Perfusion-shear_rate_4000_LMH_10,4000.0,10.0,4000 shear / LMH 10,08_record,,,,,,,,16.63434117275986,9.49933854247001,
,186.5,"1.5mL, 0.7mL",65.0,2770.0,4.501596232753168,0.5,0.13972222222222222,301.84451961531505,,4.3,-0.4,-92.7,94.6,3.6,157.0,83.1,,,2.04,0.8,0.24,0.8,0.495644892,0.134179141,27.071627926713305,8.061741154582055,2.293597882501001,58.0277113581392,,0.071,0.0709,1757.783,1565.949,1661.866,135.64712226214004,,,08_Perfusion-shear_rate_4000_LMH_10.xlsx,08_Perfusion-shear_rate_4000_LMH_10,4000.0,10.0,4000 shear / LMH 10,08_record,,,,,,,,15.93504372244919,8.864318147856585,
,194.5,,65.0,2770.0,,,,,,4.3,-0.4,-92.2,94.1,3.6,,,,,,,,,,,,,,,,,,,,,,,,08_Perfusion-shear_rate_4000_LMH_10.xlsx,08_Perfusion-shear_rate_4000_LMH_10,4000.0,10.0,4000 shear / LMH 10,08_record,,,,,,,,,,
,210.0,"1.5mL, 0.5mL",65.0,2770.0,2.598912947001252,0.39999999999999947,0.19361111111111112,318.53071618773794,,4.3,-0.4,-92.7,94.7,3.6,158.0,81.0,,,1.98,0.82,0.22,0.84,0.495991442,0.099754059,20.112052457550266,8.2733193987404,1.9517276800079588,56.21142708276693,,0.114,0.1141,2019.648,1883.732,1951.69,96.10712527175075,,,08_Perfusion-shear_rate_4000_LMH_10.xlsx,08_Perfusion-shear_rate_4000_LMH_10,4000.0,10.0,4000 shear / LMH 10,08_record,,,,,,,,14.93416082271733,5.117649386940438,
,217.0,"1.5mL, 0.5mL",65.0,2690.0,4.489324223196715,0.7999999999999998,0.22416666666666665,323.4924822068765,,4.3,-0.4,-92.5,94.3,3.5,151.0,83.3,,,2.04,0.84,0.24,0.84,0.496542576,0.107183374,21.585938282158505,2.4623607816757325,0.5133875615735818,55.66491214425825,,0.094,0.0941,,,,,,,08_Perfusion-shear_rate_4000_LMH_10.xlsx,08_Perfusion-shear_rate_4000_LMH_10,4000.0,10.0,4000 shear / LMH 10,08_record,,,,,,,,14.677539539845485,8.840152720439875,
,259.0,"1.5mL, 0.6mL",65.0,2770.0,2.7506716682300687,1.0999999999999996,0.5030555555555556,353.900464950869,,4.3,-0.4,-91.7,93.7,3.7,154.0,79.6,,,1.92,0.86,0.26,0.92,0.497891731,0.097449382,19.572404186001634,15.11937062364506,3.1112346566518116,52.6238748948318,,0.07,0.0695,2404.846,2244.645,2324.7455,113.27921345286612,,,08_Perfusion-shear_rate_4000_LMH_10.xlsx,08_Perfusion-shear_rate_4000_LMH_10,4000.0,10.0,4000 shear / LMH 10,08_record,,,,,,,,13.45334159750279,5.416485070357865,
,283.0,"1.5mL, 0.4mL",65.0,2770.0,4.410979685210732,0.5999999999999996,0.1711111111111111,371.0884281991269,,4.3,-0.4,-91.3,93.2,3.7,152.0,72.5,,,1.9,0.88,0.24,0.94,0.500381394,0.103218364,20.627938056385844,8.579140892111791,1.7245349216793773,51.09941190601658,,0.057,0.057,2685.569,2526.421,2605.995,112.53463001227676,,,08_Perfusion-shear_rate_4000_LMH_10.xlsx,08_Perfusion-shear_rate_4000_LMH_10,4000.0,10.0,4000 shear / LMH 10,08_record,,,,,,,,12.910402337436471,8.685880574750376,
,306.5,"1.5mL, 0.5mL",65.0,2780.0,5.34348768159255,0.7999999999999998,0.18833333333333332,394.0114265111146,,4.3,-0.4,-91.9,93.8,3.6,160.0,71.9,,,1.82,0.88,0.26,0.98,0.504324894,0.102680853,20.36006039392535,11.515440271933727,2.3599137018652976,49.287749099940285,,0.051,0.0512,2962.757,2630.02,2796.3885,235.28058905166833,,,08_Perfusion-shear_rate_4000_LMH_10.xlsx,08_Perfusion-shear_rate_4000_LMH_10,4000.0,10.0,4000 shear / LMH 10,08_record,,,,,,,,12.656893867027701,10.522128680523567,
,330.5,"1.5mL, 0.35mL",65.0,2780.0,6.733986334795075,1.2000000000000002,0.22416666666666665,422.9973641504449,,4.3,-0.4,-91.2,93.2,3.7,157.0,69.4,,,1.82,0.9,0.26,1.02,0.5020706460000001,0.09358092800000001,18.638996074667947,14.585659181470076,2.8444158725249507,47.210276850424606,,0.079,0.0786,3212.002,2764.952,2988.477,316.1120865294459,,,08_Perfusion-shear_rate_4000_LMH_10.xlsx,08_Perfusion-shear_rate_4000_LMH_10,4000.0,10.0,4000 shear / LMH 10,08_record,,,,,,,,12.601289753035374,13.260229080659816,
,337.0,"1.5mL, 0.25mL",65.0,2760.0,6.203569602944776,1.0999999999999996,0.22305555555555556,431.40677550997583,,4.3,-0.4,-90.9,92.9,4.0,149.0,76.1,,,1.78,0.88,0.24,1.0,0.5053150710000001,0.09300900100000001,18.406140314781943,4.235760445984494,0.7845557342533328,46.64074624586666,,,,,,,,,,08_Perfusion-shear_rate_4000_LMH_10.xlsx,08_Perfusion-shear_rate_4000_LMH_10,4000.0,10.0,4000 shear / LMH 10,08_record,,,,,,,,12.603926482437144,12.215758981840716,
,378.0,"1.5mL, 0.4mL",65.0,2780.0,6.88047844083516,1.0999999999999999,0.2011111111111111,485.0513724894736,,4.3,-0.4,-89.2,91.2,3.7,159.0,63.4,,,1.7,0.9,0.28,1.04,0.501284097,0.09945029000000001,19.83910732360616,26.999303343628878,5.16220055032744,43.54936077536797,,,,3356.865,3072.979,3214.9219999999996,200.73771568392422,,,08_Perfusion-shear_rate_4000_LMH_10.xlsx,08_Perfusion-shear_rate_4000_LMH_10,4000.0,10.0,4000 shear / LMH 10,08_record,,,,,,,,12.634112462674022,13.548694008864773,
